country_type,Country,League,Season,Date,Time,HomeTeam,AwayTeam,FTHG,FTAG,FTR,HTHG,HTAG,HTR,Referee,HY,AY,HR,AR,B365H,B365D,B365A,BWH,BWD,BWA,IWH,IWD,IWA,PSH,PSD,PSA,WHH,WHD,WHA,VCH,VCD,VCA,MaxH,MaxD,MaxA,AvgH,AvgD,AvgA,B365>2.5,B365<2.5,P>2.5,P<2.5,Max>2.5,Max<2.5,Avg>2.5,Avg<2.5,AHh,B365AHH,B365AHA,PAHH,PAHA,MaxAHH,MaxAHA,AvgAHH,AvgAHA,B365CH,B365CD,B365CA,BWCH,BWCD,BWCA,IWCH,IWCD,IWCA,PSCH,PSCD,PSCA,WHCH,WHCD,WHCA,VCCH,VCCD,VCCA,MaxCH,MaxCD,MaxCA,AvgCH,AvgCD,AvgCA,B365C>2.5,B365C<2.5,PC>2.5,PC<2.5,MaxC>2.5,MaxC<2.5,AvgC>2.5,AvgC<2.5,AHCh,B365CAHH,B365CAHA,PCAHH,PCAHA,MaxCAHH,MaxCAHA,AvgCAHH,AvgCAHA
Main,England,Conference,2019/2020,03/08/2019,12:30,Stockport,Maidenhead,0,1,A,0,0,D,M Mather,0,3,0,0,1.9,3.4,4,1.91,3.3,3.8,1.9,3.25,3.7,2,3.42,4.03,2,3.4,3.7,2,3.4,3.7,2.1,3.5,4.03,1.96,3.34,3.71,2.05,1.75,2.1,1.73,2.13,1.83,2.04,1.75,-0.5,1.98,1.83,1.99,1.86,2.05,1.88,1.98,1.83,1.9,3.4,4,1.91,3.3,3.8,1.85,3.3,3.85,1.92,3.67,4.08,1.91,3.5,3.9,1.91,3.5,4,2.05,3.67,4.08,1.91,3.4,3.8,2.05,1.75,2.05,1.81,2.08,1.83,2.02,1.77,-0.5,1.9,1.9,1.92,1.97,1.98,1.97,1.91,1.91
Main,England,Conference,2019/2020,03/08/2019,15:00,Aldershot,Fylde,1,2,A,0,1,A,S Allison,0,2,0,0,3.4,3.5,2.05,3.4,3.4,2,3.7,3.15,1.95,3.84,3.38,2.06,3.8,3.3,2,3.9,3.25,2,4,3.5,2.06,3.6,3.28,2.01,2.25,1.61,2.29,1.61,2.35,1.67,2.25,1.61,0.5,1.8,2,1.79,2.04,1.85,2.05,1.8,2.01,4,3.6,1.85,4,3.4,1.83,4,3.25,1.85,4.26,3.79,1.85,4,3.6,1.85,4.2,3.4,1.9,4.26,3.8,1.94,3.93,3.49,1.86,2.07,1.72,2.02,1.84,2.18,1.84,2.08,1.72,0.5,1.9,1.9,2.04,1.85,2.04,1.95,1.94,1.88
Main,England,Conference,2019/2020,03/08/2019,15:00,Barnet,Yeovil,1,0,H,0,0,D,A Dale,0,2,0,0,2.25,3.3,3.1,2.2,3.2,3.1,2.25,3.05,3.1,2.4,3.06,3.37,2.3,3.1,3.2,2.38,3.13,3.13,2.4,3.3,3.37,2.28,3.11,3.13,2.3,1.6,2.29,1.61,2.4,1.66,2.27,1.6,-0.25,1.98,1.83,2,1.83,2.03,1.9,1.97,1.84,2.2,3.3,3.25,2.2,3.2,3.1,2.2,3,3.15,2.32,3.16,3.41,2.25,3.2,3.3,2.25,3.2,3.3,2.32,3.3,3.89,2.24,3.14,3.19,2.25,1.61,2.29,1.65,2.34,1.67,2.27,1.61,-0.25,1.93,1.88,1.98,1.9,1.98,1.95,1.94,1.88
Main,England,Conference,2019/2020,03/08/2019,15:00,Chesterfield,Dover Athletic,1,2,A,0,0,D,A Kitchen,0,1,0,0,1.9,3.4,4,1.91,3.25,3.8,1.95,3.2,3.65,2.1,3.42,3.68,2.05,3.3,3.6,2,3.4,3.8,2.14,3.42,4,1.99,3.31,3.63,2.1,1.7,2.14,1.7,2.19,1.75,2.11,1.69,-0.5,1.98,1.83,2.07,1.76,2.07,1.86,1.99,1.82,1.85,3.4,4.33,1.91,3.25,3.8,1.85,3.35,3.85,1.95,3.67,3.93,1.88,3.6,3.9,1.9,3.5,4.1,1.96,3.67,4.33,1.89,3.44,3.83,2,1.8,2.03,1.83,2.1,1.87,1.99,1.78,-0.5,1.88,1.93,1.95,1.93,1.95,2.04,1.9,1.93
Main,England,Conference,2019/2020,03/08/2019,15:00,Chorley,Bromley,0,0,D,0,0,D,B Speedie,1,0,0,0,2.5,3.4,2.62,2.45,3.25,2.65,2.4,3.2,2.7,2.49,3.63,2.76,2.5,3.3,2.75,2.55,3.3,2.75,2.55,3.63,2.8,2.44,3.33,2.69,2,1.8,1.96,1.85,2.02,1.88,1.97,1.8,0,1.77,2.02,1.81,2.02,1.88,2.06,1.81,2.01,2.4,3.4,2.75,2.45,3.25,2.65,2.4,3.25,2.65,2.45,3.75,2.74,2.5,3.4,2.7,2.5,3.5,2.7,2.51,3.75,2.8,2.41,3.42,2.67,1.8,2,1.86,2,1.91,2.03,1.84,1.94,0,1.8,2,1.83,2.05,1.88,2.06,1.82,2.01
Main,England,Conference,2019/2020,03/08/2019,15:00,Dag and Red,Woking,0,2,A,0,1,A,E Swallow,1,0,0,0,1.9,3.5,3.75,1.95,3.4,3.5,1.9,3.2,3.8,1.98,3.43,4.13,2,3.4,3.7,1.95,3.4,3.9,2.06,3.5,4.13,1.96,3.33,3.71,2.15,1.66,2.15,1.69,2.21,1.75,2.1,1.7,-0.5,1.98,1.83,1.95,1.88,2.03,1.88,1.97,1.84,2.05,3.4,3.4,2.05,3.3,3.3,2.05,3.15,3.35,2.15,3.31,3.66,2.2,3.25,3.3,2.2,3.25,3.4,2.24,3.4,3.66,2.11,3.23,3.37,2.15,1.66,2.2,1.7,2.24,1.73,2.14,1.68,-0.25,1.85,1.95,1.84,2.04,1.93,2.05,1.83,1.99
Main,England,Conference,2019/2020,03/08/2019,15:00,Eastleigh,Notts County,1,0,H,1,0,H,C Brook,0,0,0,2,2.45,3.25,2.8,2.5,3.25,2.65,2.45,3.05,2.75,2.66,3.09,2.94,2.55,3.1,2.88,2.55,3.2,2.8,2.66,3.3,2.94,2.5,3.13,2.76,2.2,1.65,2.26,1.63,2.31,1.68,2.2,1.64,0,1.8,2,1.81,2.01,1.87,2.05,1.82,2,2.3,3.3,3.1,2.35,3.2,2.85,2.35,3.05,2.85,2.5,3.25,3.01,2.4,3.25,2.9,2.45,3.25,2.9,2.5,3.34,3.1,2.38,3.17,2.9,2.1,1.7,2.15,1.74,2.18,1.76,2.11,1.69,-0.25,2.05,1.75,2.14,1.76,2.14,1.82,2.07,1.76
Main,England,Conference,2019/2020,03/08/2019,15:00,Ebbsfleet,Halifax,1,4,A,1,1,D,M Russell,2,2,1,0,2,3.3,3.8,2,3.25,3.6,2,3.1,3.7,2.03,3.19,4.3,2.05,3.2,3.75,2.05,3.25,3.8,2.08,3.3,4.3,2,3.18,3.79,2.25,1.61,2.3,1.61,2.35,1.66,2.25,1.61,-0.25,1.75,2.05,1.69,2.18,1.8,2.21,1.73,2.11,1.75,3.5,4.5,1.8,3.4,4.2,1.8,3.3,4.3,1.81,3.69,4.58,1.8,3.5,4.4,1.8,3.5,4.6,1.87,3.69,4.65,1.8,3.46,4.27,2.1,1.7,2.14,1.74,2.21,1.75,2.13,1.68,-0.5,1.8,2,1.81,2.07,1.87,2.07,1.82,2
Main,England,Conference,2019/2020,03/08/2019,15:00,Harrogate,Solihull,2,2,D,0,1,A,A Miller,2,1,0,0,2.37,3.2,2.75,2.25,3.25,2.95,2.35,3.15,2.8,2.48,3.31,2.99,2.45,3.25,2.88,2.5,3.3,2.8,2.5,3.4,2.99,2.38,3.25,2.83,2,1.8,2,1.81,2.04,1.86,1.98,1.8,-0.25,2.08,1.73,2.1,1.75,2.16,1.82,2.08,1.75,2.5,3.2,2.62,2.4,3.25,2.7,2.5,3.15,2.6,2.69,3.31,2.73,2.6,3.3,2.62,2.63,3.3,2.63,2.69,3.4,2.73,2.54,3.24,2.63,2,1.8,2.02,1.84,2.04,1.86,1.98,1.8,0,1.9,1.9,1.93,1.95,1.94,1.97,1.89,1.94
Main,England,Conference,2019/2020,03/08/2019,15:00,Hartlepool,Sutton,1,3,A,1,2,A,S Copeland,1,1,0,0,2.1,3.3,3.4,2.2,3.2,3.1,2.05,3.1,3.45,2.09,3.38,3.76,2.1,3.3,3.5,2.1,3.25,3.6,2.2,3.38,3.76,2.08,3.23,3.43,2.25,1.61,2.25,1.63,2.33,1.67,2.24,1.62,-0.25,1.83,1.98,1.77,2.07,1.88,2.07,1.81,2.01,2.05,3.3,3.6,2.05,3.2,3.4,2.05,3.2,3.4,2.08,3.45,3.71,2.05,3.3,3.6,2.1,3.3,3.5,2.13,3.45,3.71,2.05,3.29,3.48,2.07,1.72,2.08,1.79,2.15,1.79,2.07,1.72,-0.25,1.8,2,1.79,2.1,1.85,2.11,1.8,2.03
Main,England,Conference,2019/2020,03/08/2019,15:00,Torquay,Boreham Wood,2,1,H,0,0,D,A Quelch,2,1,0,1,1.83,3.5,4.2,1.83,3.4,4,1.8,3.35,4,1.88,3.57,4.39,1.88,3.5,4,1.91,3.5,4,1.95,3.6,4.39,1.85,3.45,3.99,2,1.8,1.99,1.82,2.04,1.86,1.98,1.8,-0.5,1.88,1.93,1.85,1.97,1.93,2,1.87,1.94,1.85,3.5,4.2,1.85,3.3,4,1.8,3.4,4.05,1.81,3.78,4.48,1.88,3.5,4,1.83,3.5,4.33,1.97,3.78,4.48,1.84,3.48,4.01,2,1.8,1.99,1.87,2.04,1.89,1.97,1.81,-0.5,1.83,1.98,1.81,2.08,1.96,2.08,1.84,1.98
Main,England,Conference,2019/2020,03/08/2019,15:00,Wrexham,Barrow,2,1,H,0,1,A,R Hulme,2,3,0,0,1.75,3.5,4.5,1.78,3.4,4.33,1.75,3.25,4.45,1.86,3.51,4.6,1.83,3.4,4.4,1.83,3.4,4.5,1.92,3.51,4.75,1.81,3.37,4.32,2.25,1.61,2.29,1.61,2.35,1.67,2.26,1.61,-0.5,1.83,1.98,1.83,2,1.89,2.05,1.83,1.98,2,3.3,3.75,1.9,3.2,4,1.95,3.1,3.75,2.08,3.16,4.11,2.05,3.25,3.7,2.05,3.25,3.75,2.09,3.36,4.11,2,3.18,3.77,2.25,1.61,2.4,1.6,2.4,1.64,2.29,1.6,-0.5,2.02,1.77,2.08,1.81,2.11,1.86,2.03,1.8
Main,England,Conference,2019/2020,06/08/2019,19:45,Fylde,Chorley,0,0,D,0,0,D,D Richardson,1,2,0,0,1.5,4.33,6,1.5,4.25,5.25,1.5,4.05,5.5,1.51,4.42,6.38,1.5,4.2,6.5,1.5,4.2,6.25,1.54,4.42,6.5,1.5,4.21,5.75,1.72,2.07,1.75,2.09,1.8,2.12,1.74,2.04,-1,1.85,1.95,1.88,1.96,1.95,2,1.89,1.94,1.57,4,5.5,1.53,4.1,5.25,1.6,3.8,4.85,1.61,4.05,5.63,1.57,4,5.5,1.62,4,5.25,1.63,4.2,5.63,1.58,3.97,5.09,1.75,2.05,1.8,2.07,1.8,2.14,1.73,2.06,-1,2.05,1.75,2.11,1.78,2.16,1.86,2.06,1.78
Main,England,Conference,2019/2020,06/08/2019,19:45,Barrow,Harrogate,0,3,A,0,1,A,S Barrott,2,2,0,0,2.45,3.4,2.75,2.45,3.3,2.65,2.45,3.2,2.6,2.62,3.37,2.77,2.55,3.3,2.7,2.6,3.4,2.63,2.62,3.42,2.77,2.49,3.28,2.66,1.95,1.85,1.98,1.85,2.02,1.91,1.93,1.84,0,1.88,1.93,1.87,1.98,1.95,2.02,1.87,1.96,2.6,3.4,2.6,2.45,3.3,2.65,2.5,3.2,2.55,2.61,3.47,2.72,2.55,3.4,2.62,2.6,3.4,2.63,2.61,3.52,2.72,2.53,3.33,2.61,1.8,2,1.83,2.03,1.89,2.04,1.83,1.95,0,1.88,1.93,1.9,1.98,1.93,1.99,1.89,1.94
Main,England,Conference,2019/2020,06/08/2019,19:45,Boreham Wood,Wrexham,2,2,D,0,1,A,C Brook,1,1,0,0,3.3,3.4,2.15,3.1,3.2,2.2,3.3,3.1,2.1,3.56,3.24,2.22,3.4,3.2,2.2,3.4,3.25,2.2,3.56,3.4,2.23,3.31,3.18,2.16,2.15,1.66,2.22,1.67,2.26,1.71,2.16,1.66,0.25,1.93,1.88,1.96,1.88,2,1.95,1.94,1.87,3.8,3.2,2.05,3.2,3.2,2.15,3.3,3.1,2.1,3.65,3.17,2.22,3.6,3.2,2.1,3.5,3.25,2.15,3.8,3.3,2.22,3.4,3.16,2.13,2.15,1.66,2.19,1.71,2.23,1.73,2.15,1.67,0.25,1.98,1.83,1.99,1.89,2.05,1.89,1.98,1.84
Main,England,Conference,2019/2020,06/08/2019,19:45,Bromley,Ebbsfleet,3,1,H,2,0,H,A Quelch,1,1,0,0,2,3.5,3.6,1.9,3.4,3.7,2,3.25,3.45,2.08,3.38,3.78,2.05,3.4,3.5,2.1,3.4,3.5,2.11,3.5,3.78,2.02,3.34,3.51,1.95,1.85,2,1.83,2.03,1.87,1.95,1.83,-0.5,2.02,1.77,2.06,1.79,2.08,1.84,2.03,1.79,2,3.5,3.6,1.9,3.4,3.7,1.95,3.3,3.5,2.05,3.47,3.8,2.05,3.4,3.5,2,3.4,3.75,2.07,3.54,3.8,1.99,3.37,3.56,1.9,1.9,1.94,1.93,1.95,1.94,1.9,1.87,-0.5,1.98,1.83,2.05,1.83,2.05,1.92,2,1.83
Main,England,Conference,2019/2020,06/08/2019,19:45,Dover Athletic,Dag and Red,1,2,A,1,1,D,S Jackson,2,2,0,0,2.1,3.5,3.3,2.15,3.4,3,2.05,3.25,3.35,2.07,3.51,3.68,2.05,3.4,3.6,2.05,3.4,3.6,2.15,3.52,3.68,2.06,3.36,3.38,2.05,1.75,2.02,1.81,2.07,1.84,2,1.78,-0.25,1.8,2,1.76,2.09,1.87,2.13,1.8,2.03,1.85,3.8,3.75,1.9,3.5,3.6,1.85,3.35,3.9,1.9,3.72,4.09,1.83,3.6,4.2,1.85,3.5,4.3,1.92,3.8,4.3,1.86,3.52,3.89,2.05,1.75,1.98,1.88,2.06,1.88,1.99,1.79,-0.5,1.83,1.98,1.9,1.98,1.95,2.03,1.87,1.95
Main,England,Conference,2019/2020,06/08/2019,19:45,Halifax,Hartlepool,2,0,H,0,0,D,D Middleton,1,5,0,0,2.45,3.2,2.87,2.4,3.2,2.75,2.35,3.1,2.85,2.57,3.18,2.97,2.45,3.2,2.9,2.4,3.25,3,2.57,3.25,3,2.41,3.16,2.86,2.1,1.7,2.07,1.77,2.17,1.8,2.06,1.73,-0.25,2.05,1.75,2.17,1.71,2.2,1.79,2.09,1.75,2.37,3.2,3,2.4,3.2,2.75,2.3,3.1,2.85,2.43,3.29,3.08,2.38,3.2,3,2.4,3.2,3,2.44,3.29,3.08,2.35,3.18,2.92,2.05,1.75,2.1,1.77,2.1,1.83,2.03,1.76,-0.25,2.02,1.77,2.08,1.8,2.09,1.84,2.05,1.78
Main,England,Conference,2019/2020,06/08/2019,19:45,Maidenhead,Chesterfield,1,1,D,0,0,D,M Russell,0,1,0,0,2.87,3.5,2.3,2.8,3.1,2.45,2.75,3.05,2.45,2.87,3.2,2.63,2.8,3.2,2.55,2.8,3.25,2.55,2.88,3.5,2.63,2.77,3.15,2.48,2.1,1.7,2.25,1.65,2.26,1.73,2.15,1.67,0,2,1.8,2.01,1.84,2.05,1.87,2,1.81,2.8,3.2,2.55,2.8,2.95,2.55,2.7,2.95,2.55,2.87,3.12,2.69,2.8,3.1,2.62,2.7,3.1,2.7,2.87,3.2,2.7,2.75,3.04,2.58,2.35,1.57,2.47,1.57,2.48,1.62,2.33,1.57,0,1.93,1.88,2,1.88,2.02,1.98,1.96,1.87
Main,England,Conference,2019/2020,06/08/2019,19:45,Notts County,Stockport,1,1,D,1,0,H,P Gibbons,0,1,0,0,2.25,3.5,3,2.15,3.3,3.1,2.2,3.2,3.05,2.26,3.46,3.23,2.25,3.3,3.2,2.3,3.3,3.1,2.32,3.5,3.3,2.2,3.32,3.09,2,1.8,1.99,1.84,2.05,1.87,1.97,1.81,-0.25,1.95,1.85,1.94,1.91,2,1.98,1.93,1.89,2.2,3.5,3.1,2.15,3.3,3.1,2.2,3.1,3.1,2.24,3.45,3.3,2.25,3.25,3.2,2.3,3.2,3.2,2.35,3.5,3.3,2.22,3.26,3.12,2.15,1.66,2.21,1.7,2.24,1.74,2.14,1.67,-0.25,1.98,1.83,1.93,1.95,2.03,1.95,1.95,1.88
Main,England,Conference,2019/2020,06/08/2019,19:45,Solihull,Torquay,3,0,H,3,0,H,R Welch,1,2,0,0,1.9,3.75,3.6,2.05,3.4,3.25,1.9,3.3,3.6,2.01,3.55,3.86,1.95,3.5,3.7,1.95,3.5,3.75,2.05,3.75,3.86,1.97,3.43,3.55,1.95,1.85,1.97,1.85,2.01,1.91,1.95,1.82,-0.5,1.95,1.85,1.99,1.85,2.01,1.87,1.98,1.83,1.9,3.6,3.75,1.9,3.5,3.6,1.9,3.35,3.7,1.99,3.57,3.88,1.91,3.5,3.9,1.95,3.5,3.8,2.01,3.62,4,1.93,3.44,3.69,1.95,1.85,1.98,1.88,2.02,1.91,1.94,1.84,-0.5,1.92,1.87,1.99,1.88,1.99,1.95,1.94,1.87
Main,England,Conference,2019/2020,06/08/2019,19:45,Sutton,Barnet,1,1,D,0,1,A,J Durkin,1,0,0,0,2.37,3.5,2.8,2.4,3,2.95,2.3,3.05,2.95,2.52,3.11,3.11,2.4,3.1,3.1,2.38,3.2,3.1,2.52,3.5,3.11,2.39,3.1,2.95,2.15,1.66,2.24,1.65,2.27,1.7,2.18,1.65,-0.25,2.02,1.77,2.12,1.75,2.12,1.85,2.05,1.78,2.37,3.5,2.8,2.4,3,2.95,2.3,3.05,2.95,2.45,3.24,3.09,2.4,3.2,3,2.38,3.2,3.1,2.46,3.5,3.1,2.38,3.12,2.95,2.2,1.65,2.22,1.69,2.26,1.72,2.18,1.65,-0.25,2.02,1.77,2.09,1.79,2.1,1.83,2.05,1.78
Main,England,Conference,2019/2020,06/08/2019,19:45,Woking,Aldershot,0,1,A,0,1,A,A Miller,1,3,0,0,2.25,3.5,2.9,2.2,3.2,3.1,2.25,3.15,2.95,2.38,3.39,3.09,2.35,3.3,3,2.38,3.3,3,2.39,3.5,3.1,2.29,3.26,2.96,2,1.8,2.05,1.78,2.08,1.84,2.01,1.78,-0.25,2,1.8,2.03,1.82,2.06,1.86,2.01,1.82,2.2,3.5,3,2.25,3.1,3.1,2.2,3.1,3.1,2.24,3.41,3.32,2.25,3.3,3.2,2.25,3.25,3.25,2.3,3.5,3.32,2.22,3.23,3.13,2.1,1.7,2.17,1.72,2.22,1.76,2.12,1.69,-0.25,1.93,1.88,1.94,1.94,1.97,1.95,1.93,1.89
Main,England,Conference,2019/2020,06/08/2019,19:45,Yeovil,Eastleigh,1,0,H,1,0,H,L Wood,1,2,0,0,2.25,3.4,3.1,2.25,3.2,3,2.3,3.1,2.9,2.48,3.35,2.95,2.4,3.25,2.9,2.38,3.25,3,2.48,3.4,3.1,2.35,3.22,2.91,2.07,1.72,2.1,1.74,2.15,1.78,2.05,1.73,-0.25,2.02,1.77,2.11,1.75,2.11,1.83,2.05,1.78,2.5,3.4,2.75,2.4,3.2,2.8,2.45,3.1,2.7,2.5,3.49,2.83,2.45,3.3,2.8,2.5,3.3,2.8,2.55,3.49,2.89,2.44,3.25,2.75,2.07,1.72,2.1,1.77,2.12,1.8,2.06,1.73,0,1.8,2,1.82,2.07,1.85,2.09,1.8,2.03
Main,England,Conference,2019/2020,10/08/2019,15:00,Barrow,Eastleigh,2,0,H,0,0,D,T Parsons,2,4,0,0,2.25,3.3,3,2.35,3.25,2.8,2.35,3.05,2.95,2.41,3.26,3.15,2.38,3.2,3,2.38,3.25,3,2.41,3.3,3.15,2.34,3.17,2.95,2.15,1.66,2.18,1.69,2.24,1.72,2.17,1.66,-0.25,2,1.8,2.04,1.81,2.1,1.86,2.03,1.79,2.25,3.3,3,2.35,3.25,2.8,2.35,3.05,2.95,2.4,3.27,3.15,2.3,3.2,3.1,2.4,3.25,3,2.4,3.3,3.15,2.34,3.17,2.96,2.15,1.66,2.15,1.7,2.23,1.73,2.14,1.67,-0.25,2.02,1.77,2.06,1.83,2.09,1.87,2.03,1.8
Main,England,Conference,2019/2020,10/08/2019,15:00,Boreham Wood,Chesterfield,2,2,D,1,2,A,A Dale,0,2,0,1,2.7,3.3,2.45,2.7,3.25,2.45,2.7,2.95,2.55,2.84,3.16,2.7,2.75,3.1,2.62,2.8,3.13,2.63,2.84,3.3,2.7,2.72,3.12,2.54,2.3,1.6,2.29,1.61,2.38,1.65,2.26,1.6,0,1.95,1.85,1.97,1.87,2.02,1.9,1.97,1.85,2.7,3.3,2.45,2.8,3,2.5,2.65,3,2.55,2.79,3.17,2.73,2.7,3.2,2.62,2.75,3.2,2.63,2.8,3.3,2.73,2.7,3.1,2.57,2.15,1.66,2.21,1.7,2.3,1.71,2.19,1.65,0,1.93,1.88,1.96,1.93,1.99,1.94,1.95,1.88
Main,England,Conference,2019/2020,10/08/2019,15:00,Bromley,Torquay,3,3,D,2,1,H,M Russell,3,3,0,0,2,3.4,3.4,2,3.4,3.4,2.05,3.35,3.15,2.17,3.61,3.3,2.05,3.6,3.1,2.15,3.4,3.3,2.17,3.61,3.45,2.08,3.44,3.22,1.8,2,1.79,2.03,1.84,2.07,1.79,1.99,-0.25,1.83,1.98,1.88,1.97,1.91,2.05,1.84,1.98,2.2,3.3,3,2.25,3.3,2.9,2.25,3.3,2.85,2.35,3.54,3.01,2.3,3.5,2.9,2.3,3.4,3,2.35,3.58,3.01,2.28,3.37,2.89,1.8,2,1.82,2.04,1.85,2.08,1.79,1.99,-0.25,1.98,1.83,2.04,1.85,2.11,1.89,2.02,1.81
Main,England,Conference,2019/2020,10/08/2019,15:00,Dover Athletic,Wrexham,2,1,H,0,1,A,P Howard,3,1,0,1,2.5,3.4,2.6,2.5,3.3,2.6,2.55,3.1,2.6,2.7,3.37,2.69,2.62,3.25,2.62,2.63,3.3,2.63,2.7,3.4,2.69,2.57,3.25,2.6,2.07,1.72,2.06,1.77,2.18,1.79,2.06,1.72,0,1.9,1.9,1.93,1.92,1.96,1.96,1.9,1.92,2.5,3.4,2.6,2.5,3.2,2.65,2.5,3.15,2.6,2.63,3.47,2.69,2.55,3.3,2.7,2.63,3.3,2.63,2.63,3.47,2.78,2.52,3.28,2.64,2,1.8,1.94,1.93,2.04,1.93,1.97,1.81,0,1.88,1.93,1.92,1.96,1.97,2.05,1.88,1.95
Main,England,Conference,2019/2020,10/08/2019,15:00,Fylde,Ebbsfleet,1,0,H,1,0,H,J Bell,1,2,0,0,1.57,3.8,5,1.57,3.9,5,1.6,3.65,5.25,1.63,3.97,5.6,1.6,3.8,5.8,1.6,3.8,5.75,1.67,4,5.8,1.59,3.78,5.26,2,1.8,2,1.83,2.04,1.86,1.99,1.79,-0.75,1.77,2.02,1.81,2.03,1.86,2.09,1.79,2.04,1.55,3.8,5.25,1.53,3.9,5.5,1.55,3.8,5.25,1.61,4.12,5.48,1.6,3.9,5.5,1.57,4,5.75,1.63,4.12,5.75,1.58,3.9,5.25,1.8,2,1.85,2.01,1.91,2.07,1.81,1.96,-0.75,1.75,2.05,1.8,2.08,1.87,2.11,1.78,2.06
Main,England,Conference,2019/2020,10/08/2019,15:00,Halifax,Dag and Red,1,0,H,1,0,H,R Welch,0,0,0,0,2.15,3.4,3,2.2,3.1,3.2,2.15,3.1,3.15,2.34,3.18,3.36,2.25,3.2,3.2,2.25,3.2,3.3,2.34,3.4,3.36,2.22,3.15,3.18,2.15,1.66,2.27,1.64,2.29,1.69,2.21,1.64,-0.25,1.9,1.9,1.98,1.87,1.98,1.95,1.93,1.89,2.25,3.4,2.75,2.35,3.1,2.95,2.4,3,2.85,2.65,3.12,2.92,2.45,3.2,2.9,2.5,3.2,2.9,2.65,3.4,3,2.43,3.09,2.89,2.25,1.61,2.3,1.65,2.34,1.67,2.24,1.62,-0.25,2.05,1.75,2.25,1.69,2.25,1.8,2.12,1.73
Main,England,Conference,2019/2020,10/08/2019,15:00,Maidenhead,Hartlepool,0,1,A,0,0,D,J Durkin,2,0,0,0,2.45,3.2,2.8,2.45,3.1,2.75,2.45,3.15,2.65,2.61,3.4,2.75,2.55,3.3,2.7,2.63,3.25,2.7,2.63,3.4,2.8,2.49,3.22,2.71,2.05,1.75,2,1.83,2.05,1.85,1.99,1.78,0,1.85,1.95,1.87,1.98,1.9,2.03,1.84,1.99,2.6,3.2,2.7,2.45,3.1,2.75,2.45,3.15,2.65,2.64,3.3,2.79,2.55,3.3,2.7,2.6,3.3,2.7,2.64,3.38,2.79,2.53,3.21,2.68,2.05,1.75,2.03,1.83,2.06,1.86,2,1.78,0,1.88,1.93,1.88,1.99,1.93,2.02,1.88,1.95
Main,England,Conference,2019/2020,10/08/2019,15:00,Solihull,Aldershot,2,1,H,1,0,H,A Jackson,3,3,0,0,1.61,3.75,5.5,1.67,3.6,4.75,1.6,3.65,5,1.61,4.16,5.42,1.62,3.9,5.25,1.65,3.7,5.4,1.69,4.16,5.5,1.62,3.8,5.03,2,1.8,1.93,1.91,2.05,1.92,1.95,1.82,-0.75,1.8,2,1.8,2.05,1.87,2.07,1.81,2.01,1.55,4.2,5.5,1.53,4,5.5,1.55,3.7,5.5,1.6,4.09,5.72,1.57,3.9,5.8,1.57,3.9,6,1.61,4.2,6,1.56,3.9,5.46,2,1.8,2.02,1.85,2.07,1.86,1.98,1.8,-1,2,1.8,2.11,1.78,2.11,1.83,2.04,1.78
Main,England,Conference,2019/2020,10/08/2019,15:00,Sutton,Chorley,2,2,D,1,2,A,S Jackson,1,0,0,0,2.05,3.4,3.2,2.05,3.3,3.3,2,3.2,3.4,2.16,3.43,3.5,2.15,3.3,3.4,2.1,3.3,3.6,2.19,3.43,3.6,2.09,3.29,3.35,2.07,1.72,2.1,1.74,2.13,1.79,2.06,1.72,-0.25,1.82,1.97,1.85,2,1.9,2.1,1.83,1.99,2.05,3.4,3.2,2.05,3.3,3.3,2.1,3.15,3.25,2.3,3.31,3.29,2.2,3.3,3.3,2.15,3.3,3.4,2.3,3.42,3.5,2.13,3.27,3.28,2.07,1.72,2.14,1.75,2.15,1.79,2.06,1.73,-0.25,1.85,1.95,1.98,1.9,1.98,2.03,1.88,1.94
Main,England,Conference,2019/2020,10/08/2019,15:00,Woking,Harrogate,1,0,H,1,0,H,L Smith,1,1,0,0,3,3.25,2.25,2.75,3.3,2.35,2.9,3.3,2.25,3.05,3.61,2.3,3,3.5,2.25,3,3.4,2.3,3.05,3.61,2.35,2.91,3.37,2.26,1.85,1.95,1.77,2.07,1.9,2.07,1.82,1.96,0.25,1.8,2,1.86,1.98,1.87,2.04,1.83,1.98,2.8,3.25,2.3,2.75,3.3,2.35,2.9,3.3,2.25,3.06,3.55,2.32,2.9,3.5,2.3,2.9,3.5,2.3,3.06,3.56,2.35,2.88,3.38,2.28,1.8,2,1.82,2.04,1.87,2.05,1.81,1.97,0.25,1.83,1.98,1.86,2.02,1.86,2.05,1.83,1.99
Main,England,Conference,2019/2020,10/08/2019,15:00,Yeovil,Stockport,1,1,D,1,0,H,S Allison,1,1,0,0,2.25,3.1,3,2.3,3.2,2.9,2.35,3.1,2.85,2.47,3.51,2.86,2.38,3.4,2.88,2.45,3.13,3,2.48,3.51,3,2.37,3.23,2.85,2.1,1.7,2.12,1.73,2.18,1.76,2.09,1.71,-0.25,2.02,1.77,2.11,1.75,2.14,1.81,2.06,1.77,3,3.1,2.3,2.75,3.2,2.4,2.85,3.1,2.35,3.02,3.42,2.4,2.9,3.25,2.4,2.9,3.25,2.45,3.02,3.42,2.63,2.85,3.21,2.39,2.1,1.7,2.08,1.79,2.18,1.79,2.08,1.71,0,2.1,1.7,2.18,1.73,2.19,1.83,2.11,1.74
Main,England,Conference,2019/2020,10/08/2019,17:20,Notts County,Barnet,1,2,A,1,1,D,J Hull,2,1,0,0,2.05,3.4,3.2,2.05,3.2,3.4,2.05,3.15,3.45,2.12,3.33,3.71,2.15,3.25,3.4,2.15,3.25,3.5,2.19,3.45,3.71,2.08,3.25,3.42,2.15,1.66,2.15,1.69,2.23,1.73,2.15,1.67,-0.5,2.1,1.7,2.1,1.75,2.16,1.81,2.07,1.75,2.3,3.2,3,2.35,3,3,2.4,3,2.8,2.61,3.04,3.04,2.5,3.1,2.9,2.4,3.2,3,2.61,3.28,3.04,2.45,3.07,2.88,2.15,1.66,2.24,1.68,2.26,1.71,2.17,1.66,0,1.73,2.08,1.79,2.09,1.88,2.13,1.76,2.08
Main,England,Conference,2019/2020,13/08/2019,19:45,Aldershot,Bromley,0,1,A,0,1,A,R Hulme,2,3,0,0,2.7,3.6,2.4,2.55,3.4,2.45,2.7,3.1,2.45,2.84,3.36,2.56,2.8,3.25,2.5,2.88,3.25,2.5,2.88,3.6,2.56,2.73,3.27,2.45,2.05,1.75,2.05,1.78,2.12,1.83,2.04,1.75,0,2.02,1.77,2.04,1.83,2.09,1.84,2.03,1.8,2.7,3.6,2.4,2.55,3.4,2.45,2.7,3.1,2.45,2.95,3.34,2.49,2.88,3.2,2.45,2.8,3.3,2.5,2.97,3.6,2.52,2.77,3.27,2.42,2.05,1.75,2.07,1.8,2.12,1.81,2.04,1.75,0,2,1.8,2.11,1.78,2.23,1.85,2.08,1.77
Main,England,Conference,2019/2020,13/08/2019,19:45,Barnet,Dover Athletic,0,1,A,0,0,D,E Swallow,0,3,0,0,2.15,3.5,3.2,2.05,3.3,3.3,2.15,3.1,3.15,2.32,3.33,3.24,2.25,3.2,3.2,2.25,3.25,3.3,2.32,3.5,3.3,2.2,3.24,3.17,2.15,1.66,2.15,1.71,2.21,1.74,2.14,1.67,-0.25,1.9,1.9,1.98,1.88,1.98,1.95,1.92,1.9,2.4,3.5,2.87,2.4,3.1,2.85,2.4,3.05,2.8,2.53,3.25,2.96,2.45,3.2,2.88,2.5,3.2,2.8,2.53,3.5,2.96,2.43,3.16,2.85,2.15,1.66,2.15,1.74,2.2,1.75,2.12,1.69,-0.25,2.1,1.7,2.16,1.74,2.21,1.78,2.11,1.73
Main,England,Conference,2019/2020,13/08/2019,19:45,Chesterfield,Woking,1,2,A,0,0,D,S Barrott,2,3,0,0,1.9,3.6,3.8,1.95,3.4,3.5,1.9,3.35,3.7,1.97,3.63,3.93,1.95,3.5,3.8,1.95,3.5,3.8,1.99,3.63,3.93,1.93,3.44,3.69,2.05,1.75,2.03,1.79,2.08,1.9,1.99,1.79,-0.5,1.93,1.88,1.96,1.91,1.99,1.95,1.94,1.88,1.75,3.75,4.33,1.9,3.4,3.75,1.8,3.4,4,1.83,3.77,4.36,1.83,3.6,4.2,1.83,3.5,4.33,1.9,3.77,4.36,1.83,3.52,4.03,2,1.8,2.02,1.84,2.06,1.87,1.98,1.8,-0.5,1.83,1.98,1.83,2.05,1.91,2.06,1.84,1.98
Main,England,Conference,2019/2020,13/08/2019,19:45,Chorley,Solihull,1,6,A,0,2,A,S Copeland,3,2,0,0,3.4,3.5,2.05,3.1,3.4,2.1,3.25,3.35,2.05,3.33,3.74,2.11,3.3,3.6,2.05,3.5,3.4,2.1,3.5,3.74,2.15,3.23,3.45,2.09,1.85,1.95,1.87,1.95,1.94,1.97,1.87,1.9,0.25,2,1.8,2.02,1.84,2.07,1.86,1.99,1.83,3.75,3.6,1.95,3.5,3.25,2,3.55,3.25,1.95,4.01,3.21,2.09,3.8,3.3,2,3.6,3.5,2,4.01,3.6,2.1,3.64,3.27,2.01,2,1.8,2.02,1.84,2.05,1.89,1.95,1.82,0.25,2.1,1.7,2.12,1.78,2.19,1.8,2.11,1.74
Main,England,Conference,2019/2020,13/08/2019,19:45,Dag and Red,Boreham Wood,0,3,A,0,1,A,J Bell,0,2,0,0,2.2,3.3,3.3,2.15,3.1,3.3,2.05,3.1,3.4,2.14,3.2,3.82,2.05,3.3,3.6,2.1,3.25,3.6,2.23,3.48,3.82,2.12,3.16,3.45,2.1,1.7,2.07,1.76,2.16,1.8,2.1,1.7,-0.25,1.8,2,1.81,2.05,1.87,2.13,1.81,2.01,2.2,3.3,3.3,2.15,3.1,3.3,2.1,3.15,3.35,2.33,3.17,3.39,2.2,3.3,3.25,2.25,3.25,3.2,2.35,3.44,3.5,2.19,3.16,3.27,2.1,1.7,2.1,1.77,2.15,1.8,2.08,1.71,-0.25,1.95,1.85,1.99,1.89,2.01,2.04,1.93,1.9
Main,England,Conference,2019/2020,13/08/2019,19:45,Eastleigh,Sutton,1,1,D,1,1,D,M Woods,2,1,0,0,2.1,3.5,3.25,2.15,3.3,3.1,2.1,3.2,3.2,2.2,3.61,3.25,2.15,3.5,3.2,2.2,3.4,3.25,2.23,3.61,3.3,2.14,3.37,3.16,2.05,1.75,2.07,1.77,2.1,1.84,2.02,1.76,-0.25,1.9,1.9,1.91,1.96,1.95,1.99,1.9,1.93,2.2,3.5,3.1,2.15,3.3,3.1,2.2,3.2,3.05,2.32,3.53,3.08,2.25,3.4,3.1,2.3,3.3,3.13,2.32,3.53,3.16,2.21,3.34,3.05,2.05,1.75,2.08,1.79,2.09,1.82,2.02,1.77,-0.25,1.95,1.85,2.01,1.87,2.01,1.95,1.96,1.87
Main,England,Conference,2019/2020,13/08/2019,19:45,Ebbsfleet,Yeovil,1,3,A,0,1,A,C Brook,3,1,0,0,2.1,3.4,3.4,2.2,3.2,3.1,2.05,3.2,3.3,2.15,3.51,3.44,2.15,3.4,3.3,2.15,3.3,3.4,2.21,3.51,3.44,2.13,3.31,3.29,2.05,1.75,2.06,1.78,2.11,1.82,2.05,1.74,-0.25,1.83,1.98,1.85,2.01,1.95,2.04,1.85,1.97,2,3.5,3.6,2.05,3.3,3.3,2,3.25,3.45,2.03,3.63,3.69,2,3.5,3.6,2,3.4,3.75,2.1,3.63,3.75,2,3.38,3.5,2.05,1.75,2,1.86,2.09,1.86,2.01,1.77,-0.25,1.7,2.1,1.76,2.14,1.81,2.17,1.75,2.08
Main,England,Conference,2019/2020,13/08/2019,19:45,Harrogate,Notts County,0,2,A,0,1,A,D Richardson,1,1,1,0,1.7,3.6,5,1.85,3.5,3.8,1.75,3.55,4.15,1.83,3.78,4.37,1.83,3.7,4,1.83,3.6,4.2,1.94,3.78,5,1.81,3.6,4.04,1.8,2,1.81,2.01,1.9,2.03,1.83,1.95,-0.5,1.73,2.08,1.82,2.05,1.86,2.12,1.78,2.05,1.65,3.6,5.5,1.75,3.7,4,1.65,3.7,4.45,1.76,3.86,4.6,1.73,3.8,4.5,1.7,3.9,4.6,1.76,3.94,5.5,1.7,3.75,4.45,1.8,2,1.83,2.03,1.88,2.1,1.78,2.01,-0.75,1.85,1.95,2.02,1.85,2.02,1.97,1.95,1.88
Main,England,Conference,2019/2020,13/08/2019,19:45,Hartlepool,Fylde,2,2,D,1,0,H,G Rhodes,1,2,0,0,3,3.5,2.25,3.1,3.3,2.15,2.9,3.15,2.3,3.02,3.32,2.45,2.9,3.3,2.38,3,3.4,2.3,3.25,3.5,2.45,3.01,3.26,2.28,2,1.8,2.03,1.79,2.08,1.86,2,1.79,0.25,1.8,2,1.78,2.09,1.86,2.09,1.81,2.02,2.8,3.5,2.37,2.9,3.2,2.3,2.8,3.15,2.35,3.04,3.41,2.39,2.9,3.3,2.38,2.9,3.3,2.45,3.04,3.5,2.45,2.88,3.24,2.36,2,1.8,1.96,1.91,2.07,1.91,1.99,1.8,0.25,1.75,2.05,1.82,2.06,1.83,2.12,1.77,2.06
Main,England,Conference,2019/2020,13/08/2019,19:45,Stockport,Barrow,3,2,H,0,1,A,R Welch,2,2,0,0,2.05,3.5,3.4,2.05,3.3,3.3,2.05,3.15,3.45,2.15,3.43,3.52,2.1,3.3,3.5,2.15,3.25,3.5,2.15,3.5,3.7,2.07,3.3,3.41,2.15,1.66,2.19,1.68,2.24,1.72,2.16,1.66,-0.25,1.8,2,1.85,2.02,1.87,2.13,1.81,2.01,2.05,3.5,3.4,2.05,3.3,3.3,2,3.2,3.45,2.09,3.52,3.61,2.05,3.4,3.5,2.05,3.4,3.6,2.13,3.52,3.61,2.06,3.34,3.4,2.05,1.75,2.08,1.79,2.24,1.8,2.07,1.72,-0.5,2.05,1.75,2.09,1.8,2.13,1.82,2.06,1.76
Main,England,Conference,2019/2020,13/08/2019,19:45,Torquay,Maidenhead,0,2,A,0,1,A,S Yianni,1,4,0,0,1.75,3.8,4.33,1.72,3.6,4.25,1.7,3.5,4.35,1.75,3.81,4.82,1.75,3.6,4.6,1.75,3.6,4.75,1.84,3.81,4.82,1.75,3.57,4.36,1.9,1.9,1.94,1.88,2,1.93,1.93,1.85,-0.75,1.95,1.85,1.98,1.88,2.05,1.88,1.98,1.84,1.66,4,4.75,1.72,3.6,4.25,1.7,3.55,4.4,1.76,3.78,4.72,1.75,3.6,4.6,1.73,3.75,4.6,1.79,4,4.9,1.73,3.63,4.43,1.9,1.9,1.92,1.95,1.96,1.97,1.9,1.88,-0.75,1.92,1.87,2.02,1.86,2.03,1.89,1.97,1.85
Main,England,Conference,2019/2020,13/08/2019,19:45,Wrexham,Halifax,1,0,H,0,0,D,S Mather,3,2,1,0,1.75,3.8,4.5,1.8,3.5,4,1.7,3.35,4.6,1.75,3.8,4.79,1.75,3.6,4.6,1.75,3.5,4.8,1.84,3.8,4.8,1.76,3.51,4.44,2.2,1.65,2.17,1.69,2.25,1.73,2.14,1.67,-0.75,1.97,1.82,2.01,1.85,2.05,1.86,1.99,1.83,1.75,3.8,4.5,1.8,3.5,4,1.75,3.35,4.3,1.82,3.68,4.52,1.83,3.5,4.33,1.83,3.6,4.2,1.89,3.8,4.52,1.8,3.48,4.23,2.1,1.7,2.15,1.74,2.18,1.76,2.1,1.7,-0.5,1.77,2.02,1.82,2.06,1.85,2.07,1.81,2.01
Main,England,Conference,2019/2020,17/08/2019,15:00,Aldershot,Halifax,1,1,D,1,0,H,B Speedie,0,1,0,0,2.62,3.4,2.55,2.65,3.2,2.5,2.6,3.05,2.6,2.73,3.2,2.77,2.62,3.2,2.7,2.7,3.2,2.63,2.73,3.4,2.77,2.64,3.14,2.6,2.15,1.66,2.26,1.63,2.27,1.75,2.16,1.66,0,1.93,1.88,1.9,1.93,1.97,1.96,1.93,1.89,2.4,3.4,2.87,2.5,3.2,2.65,2.4,3.05,2.85,2.56,3.24,2.93,2.5,3.1,2.9,2.45,3.2,3,2.56,3.4,3,2.44,3.15,2.84,2.2,1.65,2.29,1.65,2.29,1.7,2.19,1.65,0,1.73,2.08,1.81,2.07,1.83,2.2,1.76,2.08
Main,England,Conference,2019/2020,17/08/2019,15:00,Barnet,Chesterfield,2,2,D,1,1,D,D Bourne,1,2,0,0,2.2,3.4,3.2,2.25,3.1,3.1,2.2,3,3.2,2.31,3.14,3.46,2.25,3.1,3.4,2.3,3.13,3.25,2.33,3.4,3.46,2.24,3.12,3.2,2.3,1.6,2.45,1.54,2.48,1.62,2.34,1.57,-0.25,1.95,1.85,1.94,1.88,1.99,1.95,1.94,1.87,2.5,3.4,2.8,2.45,2.95,2.95,2.5,2.95,2.8,2.71,3.05,2.91,2.5,3.1,2.9,2.55,3.13,2.88,2.71,3.4,3.04,2.5,3.03,2.86,2.35,1.57,2.4,1.6,2.51,1.62,2.33,1.57,0,1.8,2,1.87,2.01,1.87,2.17,1.79,2.05
Main,England,Conference,2019/2020,17/08/2019,15:00,Boreham Wood,Sutton,0,1,A,0,0,D,S Yianni,2,2,0,0,2.5,3.4,2.75,2.35,3.25,2.8,2.4,3.15,2.75,2.53,3.27,2.96,2.45,3.25,2.88,2.45,3.3,2.88,2.53,3.4,2.96,2.41,3.23,2.81,2.05,1.75,2.01,1.8,2.07,1.84,2,1.78,0,1.77,2.02,1.76,2.07,1.82,2.11,1.77,2.07,2.15,3.4,3.3,2.15,3.3,3.1,2.1,3.2,3.25,2.15,3.48,3.47,2.1,3.4,3.4,2.1,3.4,3.5,2.2,3.48,3.5,2.12,3.32,3.26,2.05,1.75,2.03,1.83,2.08,1.85,2.01,1.78,-0.25,1.83,1.98,1.86,2.02,1.95,2.04,1.86,1.97
Main,England,Conference,2019/2020,17/08/2019,15:00,Dag and Red,Harrogate,4,2,H,2,2,D,C Brook,2,0,0,0,2.62,3.4,2.55,2.45,3.2,2.7,2.55,3.15,2.55,2.64,3.57,2.62,2.62,3.4,2.55,2.7,3.3,2.6,2.7,3.57,2.7,2.55,3.31,2.59,2,1.8,1.93,1.88,2.03,1.9,1.95,1.82,0,1.93,1.88,1.93,1.91,1.96,2.02,1.91,1.92,2.9,3.4,2.2,2.8,3.25,2.35,2.9,3.2,2.25,3.11,3.41,2.35,3,3.3,2.35,3,3.3,2.38,3.11,3.44,2.48,2.88,3.31,2.33,2,1.8,2.12,1.76,2.17,1.89,1.97,1.81,0.25,1.82,1.97,1.85,2.03,1.89,2.17,1.8,2.03
Main,England,Conference,2019/2020,17/08/2019,15:00,Dover Athletic,Torquay,1,2,A,0,0,D,A Dale,2,3,0,1,2.15,3.5,3.2,2.2,3.3,3,2.15,3.25,3.05,2.29,3.57,3.09,2.25,3.5,3,2.25,3.4,3.1,2.29,3.57,3.2,2.19,3.38,3.04,1.95,1.85,1.91,1.91,1.95,1.95,1.88,1.89,-0.25,1.93,1.88,1.96,1.86,1.97,1.95,1.93,1.89,2.4,3.5,2.75,2.5,3.4,2.5,2.4,3.25,2.65,2.5,3.58,2.78,2.4,3.4,2.8,2.5,3.5,2.7,2.5,3.58,2.9,2.41,3.4,2.68,1.95,1.85,1.82,2.05,1.95,2.09,1.84,1.93,-0.25,2.1,1.7,2.17,1.74,2.17,1.82,2.11,1.72
Main,England,Conference,2019/2020,17/08/2019,15:00,Fylde,Woking,1,4,A,0,2,A,T Parsons,3,1,1,0,1.55,4.2,5.5,1.65,3.7,4.75,1.6,3.65,5.25,1.63,3.94,5.63,1.6,3.8,5.8,1.6,3.8,5.75,1.67,4.2,5.8,1.6,3.81,5.23,2,1.8,1.96,1.85,2.02,1.88,1.97,1.8,-0.75,1.77,2.02,1.8,2.03,1.86,2.09,1.79,2.03,1.53,4.2,5.75,1.62,3.7,5,1.5,3.9,5.5,1.55,4.33,5.96,1.55,4,5.8,1.55,4,6,1.63,4.33,6,1.55,3.97,5.48,1.85,1.95,1.83,2.03,2.02,2.04,1.87,1.9,-1,1.97,1.82,1.99,1.89,2.12,1.89,2.02,1.82
Main,England,Conference,2019/2020,17/08/2019,15:00,Hartlepool,Bromley,2,3,A,2,2,D,A Kitchen,0,1,0,0,2.3,3.5,2.87,2.35,3.25,2.8,2.25,3.2,2.95,2.29,3.46,3.19,2.3,3.3,3.1,2.3,3.4,3,2.35,3.5,3.19,2.27,3.34,2.94,2,1.8,1.95,1.86,2,1.91,1.93,1.84,-0.25,2,1.8,1.95,1.88,2.04,1.93,1.99,1.83,2.45,3.5,2.7,2.35,3.25,2.8,2.45,3.2,2.65,2.55,3.36,2.85,2.5,3.3,2.75,2.55,3.4,2.7,2.55,3.5,2.86,2.44,3.29,2.74,2,1.8,1.98,1.88,2.01,1.91,1.94,1.84,0,1.85,1.95,1.83,2.05,1.9,2.12,1.82,2.02
Main,England,Conference,2019/2020,17/08/2019,15:00,Maidenhead,Chorley,4,1,H,2,1,H,G Parsons,3,2,0,0,2.25,3.5,3,2.15,3.3,3.1,2.3,3.1,2.85,2.47,3.27,3.04,2.4,3.25,2.9,2.4,3.3,3,2.47,3.5,3.1,2.33,3.25,2.93,2.07,1.72,2.12,1.71,2.16,1.81,2.03,1.74,-0.25,2.05,1.75,2.08,1.75,2.1,1.86,2.04,1.78,2.4,3.5,2.75,2.45,3.1,2.8,2.4,3.05,2.85,2.52,3.17,3.05,2.45,3.2,2.9,2.45,3.25,2.9,2.52,3.5,3.05,2.41,3.15,2.87,2.07,1.72,2.27,1.66,2.29,1.77,2.15,1.68,-0.25,2.08,1.73,2.14,1.76,2.16,1.83,2.09,1.75
Main,England,Conference,2019/2020,17/08/2019,15:00,Solihull,Ebbsfleet,2,1,H,1,1,D,J Hull,0,2,0,0,1.57,3.75,6,1.57,3.75,5.5,1.55,3.85,5.25,1.54,4.18,6.35,1.57,4,5.5,1.57,4,5.75,1.62,4.2,6.35,1.55,3.95,5.46,1.8,2,1.81,2,1.85,2.05,1.79,1.98,-1,2,1.8,1.98,1.85,2.05,1.88,2,1.82,1.55,3.75,6.5,1.53,3.8,5.75,1.5,3.9,5.5,1.53,4.25,6.43,1.52,4,6.5,1.55,4,6,1.55,4.25,6.5,1.53,3.97,5.74,1.8,2,1.8,2.06,1.86,2.06,1.79,2,-1,1.95,1.85,1.97,1.91,2.02,1.95,1.96,1.88
Main,England,Conference,2019/2020,17/08/2019,15:00,Stockport,Eastleigh,2,0,H,0,0,D,J Bell,0,1,0,0,1.95,3.5,3.75,1.95,3.25,3.7,1.95,3.15,3.7,2.05,3.3,4,2,3.3,3.8,2,3.3,3.9,2.05,3.5,4,1.98,3.29,3.69,2.15,1.66,2.21,1.66,2.26,1.71,2.16,1.66,-0.5,1.98,1.83,2.03,1.81,2.03,1.86,1.99,1.83,2,3.4,3.6,2.1,3.25,3.25,1.95,3.25,3.55,2,3.51,3.95,2,3.4,3.7,2.05,3.3,3.7,2.1,3.52,3.95,2.01,3.33,3.56,2.15,1.66,1.97,1.89,2.24,1.9,2.04,1.75,-0.5,2.02,1.77,2,1.88,2.09,1.88,2.03,1.8
Main,England,Conference,2019/2020,17/08/2019,17:20,Barrow,Yeovil,1,0,H,0,0,D,P Gibbons,3,4,0,0,2.1,3.5,3.4,2.15,3.25,3.2,2.1,3.15,3.3,2.19,3.35,3.51,2.1,3.3,3.5,2.15,3.3,3.4,2.2,3.5,3.51,2.13,3.28,3.28,2.15,1.66,2.08,1.74,2.2,1.77,2.11,1.69,-0.25,1.83,1.98,1.85,1.97,1.92,2.04,1.85,1.97,1.95,3.5,3.75,2,3.25,3.5,1.9,3.25,3.65,1.99,3.52,3.95,1.95,3.5,3.8,1.93,3.5,3.9,2,3.58,3.95,1.95,3.39,3.69,1.95,1.85,2.02,1.84,2.07,1.86,1.99,1.79,-0.5,1.97,1.82,1.99,1.89,2,1.91,1.97,1.85
Main,England,Conference,2019/2020,18/08/2019,15:00,Notts County,Wrexham,1,1,D,0,0,D,T Reeves,1,1,0,0,2.6,3.3,2.62,2.5,3.1,2.75,2.5,3.05,2.65,2.68,3.4,2.69,2.6,3.25,2.7,2.6,3.2,2.75,2.68,3.4,2.85,2.56,3.21,2.66,2.15,1.66,2.11,1.72,2.2,1.75,2.11,1.69,0,1.85,1.95,1.92,1.92,1.94,2.03,1.87,1.94,2.6,3.3,2.6,2.5,3.1,2.75,2.55,3,2.65,2.69,3.14,2.85,2.6,3.2,2.7,2.6,3.2,2.75,2.7,3.3,2.85,2.57,3.11,2.7,2.15,1.66,2.18,1.72,2.22,1.74,2.14,1.67,0,1.85,1.95,1.88,2,1.93,2.02,1.87,1.96
Main,England,Conference,2019/2020,24/08/2019,15:00,Bromley,Boreham Wood,1,0,H,1,0,H,J Hull,3,0,0,0,1.9,3.4,4,1.95,3.4,3.5,1.9,3.4,3.55,1.99,3.64,3.84,2,3.5,3.6,2,3.5,3.7,2.05,3.64,4,1.96,3.47,3.57,1.8,2,1.82,1.99,1.88,2.03,1.8,1.97,-0.5,1.95,1.85,1.96,1.87,2,1.95,1.96,1.85,1.9,3.4,4,1.95,3.4,3.5,1.9,3.4,3.55,1.98,3.66,3.84,1.95,3.5,3.7,1.93,3.5,3.9,2.03,3.66,4,1.94,3.48,3.6,1.8,2,1.83,2.03,1.88,2.03,1.81,1.97,-0.5,1.93,1.88,1.98,1.9,1.98,1.95,1.95,1.88
Main,England,Conference,2019/2020,24/08/2019,15:00,Chesterfield,Barrow,2,2,D,1,2,A,L Smith,3,2,0,0,1.95,3.4,3.9,1.95,3.3,3.6,1.95,3.2,3.7,2.02,3.39,4.03,2.05,3.3,3.7,2,3.4,3.8,2.1,3.42,4.03,1.98,3.3,3.69,2.1,1.7,2.14,1.7,2.19,1.75,2.1,1.7,-0.5,2,1.8,1.99,1.84,2.03,1.86,1.99,1.83,1.95,3.4,3.9,1.95,3.3,3.6,1.95,3.2,3.55,2,3.42,4.04,2.05,3.4,3.5,2,3.4,3.75,2.08,3.5,4.04,1.99,3.31,3.65,2.05,1.75,2.03,1.83,2.1,1.83,2.02,1.76,-0.5,2,1.8,2,1.88,2.08,1.88,2.01,1.82
Main,England,Conference,2019/2020,24/08/2019,15:00,Chorley,Hartlepool,0,0,D,0,0,D,P Gibbons,1,1,0,0,2.37,3.4,2.87,2.35,3.3,2.8,2.3,3.25,2.8,2.44,3.44,2.94,2.45,3.3,2.8,2.38,3.4,2.9,2.58,3.44,2.94,2.38,3.29,2.82,1.8,2,1.93,1.88,1.95,2,1.87,1.9,0,1.7,2.1,1.74,2.11,1.87,2.14,1.75,2.08,2.7,3.4,2.5,2.7,3.25,2.4,2.55,3.25,2.5,2.66,3.54,2.62,2.62,3.25,2.62,2.6,3.4,2.63,2.7,3.54,2.69,2.59,3.3,2.56,1.8,2,1.91,1.96,1.92,2,1.84,1.93,0,1.9,1.9,1.96,1.93,1.96,1.95,1.91,1.92
Main,England,Conference,2019/2020,24/08/2019,15:00,Eastleigh,Dag and Red,1,1,D,0,1,A,J Durkin,0,2,0,0,2.05,3.5,3.4,2.05,3.4,3.25,2.05,3.25,3.25,2.17,3.44,3.46,2.1,3.4,3.4,2.1,3.4,3.4,2.17,3.5,3.46,2.09,3.35,3.29,2,1.8,1.97,1.84,2.03,1.88,1.97,1.8,-0.25,1.83,1.98,1.85,1.98,1.86,2.05,1.84,1.98,2.25,3.5,3,2.15,3.4,3,2.2,3.2,3.05,2.27,3.41,3.27,2.25,3.3,3.2,2.3,3.4,3,2.35,3.5,3.27,2.22,3.32,3.05,2,1.8,2,1.86,2.04,1.88,1.97,1.81,-0.25,1.95,1.85,1.96,1.93,2.03,1.95,1.96,1.87
Main,England,Conference,2019/2020,24/08/2019,15:00,Ebbsfleet,Notts County,2,2,D,1,1,D,G Parsons,2,1,0,0,2.55,3.3,2.7,2.5,3.25,2.6,2.45,3.15,2.65,2.52,3.51,2.79,2.5,3.4,2.7,2.55,3.4,2.7,2.55,3.51,2.79,2.48,3.28,2.68,1.95,1.85,1.96,1.85,2.01,1.9,1.95,1.83,0,1.83,1.98,1.82,2.01,1.88,2.05,1.84,1.98,3.3,3.4,2.15,3,3.2,2.25,3,3.25,2.2,3.19,3.62,2.22,3.1,3.5,2.2,3.2,3.4,2.2,3.3,3.62,2.27,3.05,3.37,2.2,1.95,1.85,1.99,1.88,2,1.9,1.95,1.83,0.25,1.9,1.9,1.95,1.93,1.97,1.97,1.89,1.92
Main,England,Conference,2019/2020,24/08/2019,15:00,Halifax,Fylde,4,1,H,2,1,H,D Bourne,0,2,0,0,3.1,3.4,2.25,2.95,3.3,2.25,3.05,3.15,2.2,3.17,3.4,2.33,3.1,3.3,2.3,3.1,3.3,2.3,3.17,3.4,2.38,3.02,3.27,2.26,2.05,1.75,2.03,1.78,2.08,1.83,2.01,1.77,0.25,1.83,1.98,1.85,1.98,1.9,2.03,1.84,1.97,3.1,3.4,2.25,2.95,3.3,2.25,2.9,3.15,2.3,3.03,3.43,2.39,3,3.3,2.35,3,3.3,2.38,3.1,3.43,2.4,2.93,3.29,2.3,2.05,1.75,2.05,1.81,2.08,1.83,2.01,1.77,0.25,1.77,2.02,1.82,2.06,1.84,2.08,1.8,2.02
Main,England,Conference,2019/2020,24/08/2019,15:00,Harrogate,Stockport,2,1,H,0,0,D,M Woods,0,0,0,0,2.05,3.5,3.5,2.05,3.3,3.3,1.95,3.3,3.45,2.02,3.59,3.75,2.05,3.5,3.5,2.05,3.5,3.5,2.11,3.65,3.75,2.02,3.42,3.43,1.95,1.85,1.83,1.98,1.95,2.01,1.87,1.9,-0.5,2.02,1.77,2,1.83,2.12,1.85,2.03,1.79,2.1,3.5,3.4,2.05,3.3,3.3,2.1,3.35,3.1,2.17,3.69,3.24,2.15,3.5,3.2,2.15,3.5,3.25,2.21,3.69,3.4,2.11,3.44,3.17,1.75,2.05,1.75,2.14,1.89,2.14,1.78,2,-0.25,1.85,1.95,1.9,1.98,1.94,2.04,1.86,1.96
Main,England,Conference,2019/2020,24/08/2019,15:00,Sutton,Dover Athletic,1,2,A,1,1,D,L Collins,0,1,0,0,2.5,3.3,2.8,2.5,3.2,2.65,2.4,3.15,2.75,2.45,3.3,3.04,2.4,3.25,2.9,2.5,3.3,2.8,2.5,3.38,3.04,2.43,3.22,2.8,2,1.8,2.03,1.78,2.08,1.83,2.01,1.77,-0.25,2.1,1.7,2.07,1.77,2.2,1.83,2.1,1.73,2.75,3.3,2.5,2.5,3.2,2.65,2.65,3.15,2.5,2.77,3.2,2.72,2.62,3.25,2.62,2.75,3.3,2.55,2.77,3.4,2.72,2.64,3.2,2.57,2,1.8,1.99,1.87,2.05,1.88,1.97,1.81,0,1.95,1.85,1.96,1.93,2.02,1.94,1.94,1.88
Main,England,Conference,2019/2020,24/08/2019,15:00,Woking,Solihull,2,0,H,2,0,H,S Allison,2,3,0,0,5,3.6,1.7,4.6,3.6,1.67,4.6,3.55,1.65,5.12,3.82,1.7,5.25,3.7,1.67,5,3.7,1.7,5.25,3.82,1.78,4.68,3.69,1.68,1.95,1.85,1.87,1.94,2,1.95,1.91,1.86,0.75,1.9,1.9,1.92,1.92,1.95,1.98,1.9,1.92,4.2,3.4,1.85,4,3.5,1.8,4,3.3,1.85,4.31,3.39,1.95,3.9,3.4,1.95,3.9,3.4,1.95,4.31,3.52,1.97,3.94,3.37,1.89,2.05,1.75,2.13,1.75,2.19,1.95,2.05,1.75,0.75,1.68,2.15,1.68,2.25,1.94,2.26,1.7,2.17
Main,England,Conference,2019/2020,24/08/2019,15:00,Wrexham,Barnet,1,1,D,1,1,D,S Yianni,0,2,0,0,1.9,3.4,4,1.87,3.25,4,1.9,3.15,3.95,1.96,3.41,4.25,1.91,3.3,4.2,1.93,3.3,4.2,1.99,3.44,4.25,1.91,3.28,3.97,2.25,1.61,2.26,1.63,2.31,1.68,2.23,1.62,-0.5,1.95,1.85,1.93,1.9,2,1.95,1.94,1.88,2,3.5,3.8,2,3.3,3.5,2.05,3.05,3.55,2.14,3.18,3.87,2.05,3.25,3.7,2.1,3.25,3.6,2.14,3.5,3.87,2.07,3.18,3.57,2.25,1.61,2.29,1.65,2.31,1.68,2.24,1.62,-0.25,1.77,2.02,1.81,2.07,1.86,2.1,1.79,2.03
Main,England,Conference,2019/2020,24/08/2019,15:00,Yeovil,Maidenhead,1,2,A,0,0,D,T Reeves,3,3,0,0,2.05,3.4,3.5,2,3.25,3.5,2,3.15,3.5,2.04,3.49,3.78,2.05,3.4,3.6,2.1,3.3,3.6,2.1,3.49,3.78,2.04,3.29,3.51,2.15,1.66,2.1,1.73,2.2,1.76,2.13,1.68,-0.5,2.05,1.75,2.02,1.81,2.1,1.81,2.05,1.77,2.3,3.4,3,2.3,3.1,3,2.25,3.05,3.05,2.36,3.15,3.35,2.35,3.2,3.1,2.4,3.25,3,2.4,3.4,3.35,2.31,3.14,3.04,2.15,1.66,2.19,1.71,2.23,1.73,2.15,1.66,-0.25,2.02,1.77,2.01,1.87,2.07,1.9,2.01,1.81
Main,England,Conference,2019/2020,24/08/2019,17:20,Torquay,Aldershot,2,0,H,1,0,H,D Middleton,0,3,0,0,1.66,3.6,5.25,1.67,3.4,5,1.7,3.6,4.4,1.7,3.93,4.98,1.7,3.75,4.8,1.7,3.75,4.8,1.76,3.93,5.25,1.68,3.7,4.65,1.8,2,1.86,1.95,1.89,2.01,1.82,1.95,-0.75,1.9,1.9,1.9,1.93,1.97,1.95,1.91,1.91,1.61,3.75,5.75,1.67,3.4,5,1.6,3.7,4.75,1.65,4.1,5.12,1.65,3.9,5,1.65,3.9,5,1.72,4.1,5.75,1.64,3.79,4.89,1.8,2,1.87,1.99,1.88,2.02,1.82,1.95,-0.75,1.83,1.98,1.86,2.02,1.93,2.02,1.84,1.99
Main,England,Conference,2019/2020,26/08/2019,15:00,Aldershot,Sutton,1,1,D,0,0,D,A Dale,2,1,0,0,2.4,3.3,2.87,2.6,2.95,2.75,2.45,3.05,2.75,2.61,3.26,2.85,2.55,3.2,2.8,2.5,3.2,2.88,2.63,3.3,2.88,2.5,3.11,2.78,2.15,1.66,2.21,1.7,2.24,1.72,2.15,1.67,0,1.77,2.02,1.85,2.03,1.87,2.08,1.82,2.02,2.45,3.3,2.8,2.6,2.95,2.75,2.45,3.05,2.75,2.57,3.23,2.93,2.5,3.2,2.8,2.5,3.2,2.88,2.6,3.3,2.93,2.5,3.1,2.79,2.15,1.66,2.21,1.69,2.24,1.72,2.15,1.67,0,1.77,2.02,1.81,2.07,1.85,2.11,1.8,2.04
Main,England,Conference,2019/2020,26/08/2019,15:00,Barnet,Torquay,2,2,D,0,2,A,A Kitchen,3,3,0,0,3.1,3.2,2.2,2.9,3.2,2.3,3.1,3.15,2.15,3.22,3.39,2.3,3.2,3.3,2.25,3.2,3.3,2.25,3.22,3.39,2.35,3.05,3.25,2.24,2.05,1.75,2.06,1.8,2.15,1.84,2.03,1.75,0.25,1.92,1.87,1.89,1.99,1.93,2,1.87,1.95,3.3,3.2,2.1,2.9,3.2,2.3,3.1,3.15,2.15,3.19,3.43,2.3,3.25,3.3,2.2,3.4,3.3,2.15,3.4,3.43,2.3,3.12,3.27,2.2,2.05,1.75,2.02,1.85,2.06,1.89,2.01,1.78,0.25,1.9,1.9,1.89,1.99,1.99,1.99,1.9,1.93
Main,England,Conference,2019/2020,26/08/2019,15:00,Barrow,Halifax,1,2,A,1,0,H,G Rhodes,3,0,0,0,2.25,3.4,3.1,2.1,3.3,3.25,2.25,3.05,3.1,2.3,3.3,3.3,2.25,3.25,3.2,2.25,3.25,3.25,2.3,3.4,3.3,2.23,3.21,3.15,2.15,1.66,2.15,1.74,2.2,1.75,2.14,1.68,-0.25,1.95,1.85,1.98,1.9,2,1.94,1.95,1.87,2.05,3.4,3.5,2.1,3.3,3.25,2.05,3.1,3.45,2.14,3.37,3.61,2.1,3.25,3.5,2.1,3.3,3.6,2.2,3.4,3.61,2.09,3.26,3.39,2.15,1.66,2.17,1.72,2.21,1.74,2.13,1.68,-0.25,1.8,2,1.84,2.04,1.9,2.06,1.83,2
Main,England,Conference,2019/2020,26/08/2019,15:00,Boreham Wood,Ebbsfleet,1,2,A,0,2,A,D Middleton,2,2,1,0,2.05,3.3,3.6,2.15,3.3,3.1,2.05,3.2,3.4,2.2,3.36,3.48,2.1,3.4,3.4,2.15,3.4,3.3,2.2,3.54,3.62,2.09,3.31,3.35,2,1.8,2,1.86,2.03,1.88,1.98,1.8,-0.25,1.77,2.02,1.89,1.99,1.89,2.14,1.83,2,2.37,3.2,3,2.15,3.3,3.1,2.25,3.2,2.95,2.38,3.44,3.03,2.35,3.3,3,2.4,3.4,2.88,2.4,3.44,3.25,2.28,3.29,2.97,1.95,1.85,2.02,1.85,2.03,1.9,1.96,1.82,-0.25,2.05,1.75,2.06,1.83,2.14,1.9,2.03,1.81
Main,England,Conference,2019/2020,26/08/2019,15:00,Dag and Red,Yeovil,3,2,H,0,0,D,S Barrott,0,1,0,0,2.3,3.25,3.1,2.2,3.2,3.1,2.25,3.1,3,2.28,3.37,3.29,2.25,3.25,3.2,2.25,3.3,3.2,2.3,3.45,3.29,2.23,3.24,3.1,2.1,1.7,2.14,1.75,2.16,1.77,2.09,1.71,-0.25,1.95,1.85,1.96,1.92,2.02,1.94,1.96,1.87,2.15,3.3,3.4,2,3.4,3.4,2.05,3.15,3.4,2.1,3.47,3.61,2.05,3.4,3.5,2.05,3.4,3.6,2.15,3.47,3.61,2.07,3.32,3.39,2.1,1.7,2.1,1.78,2.13,1.79,2.07,1.72,-0.25,1.77,2.02,1.81,2.07,1.84,2.12,1.8,2.03
Main,England,Conference,2019/2020,26/08/2019,15:00,Dover Athletic,Woking,1,2,A,1,1,D,C Brook,2,3,1,0,2.1,3.5,3.3,2.1,3.25,3.3,2.05,3.3,3.25,2.09,3.71,3.42,2.05,3.75,3.2,2.1,3.5,3.4,2.15,3.75,3.5,2.07,3.44,3.28,1.85,1.95,1.86,2,1.93,2,1.85,1.92,-0.25,1.8,2,1.82,2.06,1.87,2.06,1.83,2,1.8,3.75,4.2,1.87,3.4,3.8,1.8,3.55,3.9,1.88,3.95,3.89,1.83,3.75,3.9,1.8,3.75,4.2,1.9,3.95,4.2,1.83,3.64,3.86,1.8,2,1.79,2.08,1.84,2.11,1.79,1.99,-0.5,1.8,2,1.88,1.99,1.91,2.04,1.85,1.97
Main,England,Conference,2019/2020,26/08/2019,15:00,Fylde,Harrogate,0,0,D,0,0,D,J Johnson,1,0,0,0,2.15,3.4,3.25,2.1,3.25,3.25,2.1,3.35,3.1,2.22,3.47,3.32,2.15,3.5,3.2,2.2,3.5,3.13,2.22,3.62,3.32,2.14,3.37,3.17,1.8,2,1.76,2.12,1.86,2.12,1.78,2,-0.25,1.9,1.9,1.92,1.96,1.97,1.98,1.89,1.93,2.15,3.4,3.25,2.1,3.2,3.3,2.1,3.35,3.05,2.28,3.52,3.14,2.2,3.5,3.1,2.25,3.5,3,2.29,3.6,3.3,2.17,3.39,3.07,1.75,2.05,1.71,2.19,1.8,2.19,1.74,2.04,-0.25,1.95,1.85,1.98,1.9,2.02,1.95,1.95,1.88
Main,England,Conference,2019/2020,26/08/2019,15:00,Hartlepool,Wrexham,4,2,H,1,1,D,D Richardson,2,1,0,1,2.87,3.3,2.45,2.7,3.1,2.5,2.75,3.05,2.45,2.95,3.12,2.63,2.8,3.2,2.5,2.88,3.2,2.5,2.95,3.32,2.63,2.8,3.11,2.48,2.1,1.7,2.14,1.74,2.2,1.75,2.11,1.69,0,2,1.8,2.04,1.85,2.09,1.93,2.03,1.82,2.87,3.3,2.45,2.7,3.1,2.5,2.75,3.05,2.45,2.91,3.13,2.66,2.8,3.2,2.5,2.88,3.2,2.5,2.91,3.32,2.66,2.8,3.12,2.49,2.1,1.7,2.14,1.75,2.2,1.77,2.1,1.7,0,2,1.8,2.03,1.85,2.08,1.89,2.03,1.81
Main,England,Conference,2019/2020,26/08/2019,15:00,Maidenhead,Bromley,1,2,A,0,0,D,S Jackson,0,0,0,0,2.87,3.3,2.4,2.8,3.25,2.35,2.7,3.2,2.4,2.8,3.45,2.55,2.75,3.3,2.5,2.8,3.4,2.45,2.87,3.46,2.55,2.73,3.3,2.43,1.95,1.85,1.92,1.94,2,1.95,1.91,1.86,0,2,1.8,2.03,1.85,2.05,1.87,2.02,1.82,2.87,3.3,2.4,2.8,3.25,2.35,2.7,3.2,2.4,2.84,3.41,2.53,2.75,3.3,2.5,2.7,3.4,2.55,2.87,3.44,2.55,2.74,3.3,2.43,1.9,1.9,1.96,1.9,1.97,1.94,1.9,1.87,0,1.98,1.83,2.05,1.83,2.1,1.92,2.02,1.83
Main,England,Conference,2019/2020,26/08/2019,15:00,Notts County,Chorley,5,1,H,1,1,D,A Jackson,0,0,0,1,2.1,3.6,3.25,1.95,3.5,3.4,1.9,3.4,3.55,2.08,3.46,3.68,2.05,3.5,3.4,2.1,3.5,3.4,2.12,3.6,3.7,2.01,3.45,3.44,1.85,1.95,1.9,1.96,1.91,2,1.85,1.93,-0.25,1.85,1.95,1.79,2.09,1.85,2.15,1.78,2.06,2.1,3.5,3.3,2.05,3.4,3.25,2,3.35,3.25,2.1,3.62,3.46,2.05,3.5,3.4,2.1,3.5,3.4,2.2,3.62,3.46,2.07,3.45,3.27,1.8,2,1.86,2,1.9,2.02,1.83,1.95,-0.25,1.83,1.98,1.83,2.05,1.85,2.06,1.82,2.02
Main,England,Conference,2019/2020,26/08/2019,15:00,Stockport,Chesterfield,2,0,H,0,0,D,T Reeves,0,0,0,0,2.37,3.3,2.9,2.4,3.2,2.8,2.35,3.15,2.8,2.52,3.19,3.03,2.4,3.3,2.88,2.38,3.4,2.9,2.52,3.44,3.03,2.39,3.21,2.86,2,1.8,2.07,1.8,2.11,1.85,1.98,1.8,-0.25,2.07,1.72,2.15,1.75,2.15,1.83,2.07,1.77,2.37,3.3,2.9,2.4,3.2,2.8,2.35,3.1,2.85,2.44,3.27,3.08,2.35,3.25,3,2.38,3.25,3,2.44,3.4,3.08,2.36,3.22,2.89,2,1.8,2.03,1.83,2.07,1.86,1.98,1.79,-0.25,2.02,1.77,2.09,1.8,2.1,1.85,2.05,1.79
Main,England,Conference,2019/2020,26/08/2019,19:45,Solihull,Eastleigh,1,2,A,0,1,A,P Howard,2,0,0,0,1.65,3.75,5.25,1.66,3.75,4.6,1.65,3.7,4.5,1.72,3.89,4.89,1.73,3.75,4.6,1.7,3.8,4.75,1.76,3.9,5.25,1.68,3.76,4.57,1.8,2,1.79,2.04,1.88,2.09,1.78,2,-0.75,1.9,1.9,1.94,1.93,1.98,1.97,1.91,1.92,1.65,4,4.75,1.57,4.2,4.6,1.65,3.75,4.45,1.66,4.02,5.15,1.65,3.8,5,1.65,3.9,5,1.71,4.2,5.5,1.64,3.87,4.67,1.75,2.05,1.81,2.05,1.83,2.13,1.75,2.04,-0.75,1.85,1.95,1.88,2.01,1.96,2.01,1.87,1.96
Main,England,Conference,2019/2020,31/08/2019,15:00,Bromley,Fylde,2,2,D,1,2,A,E Swallow,3,1,0,0,2.4,3.3,2.87,2.3,3.25,2.85,2.35,3.2,2.75,2.55,3.49,2.77,2.35,3.4,2.9,2.5,3.4,2.75,2.55,3.49,2.88,2.4,3.3,2.76,1.95,1.85,1.91,1.91,1.95,1.95,1.89,1.88,-0.25,2.05,1.75,2.17,1.69,2.17,1.8,2.09,1.75,2.2,3.4,3.2,2.2,3.3,3,2.15,3.25,3.05,2.27,3.58,3.12,2.35,3.4,2.9,2.25,3.4,3.1,2.31,3.58,3.2,2.21,3.35,3.05,1.9,1.9,1.91,1.95,1.96,1.96,1.88,1.89,-0.25,1.93,1.88,1.98,1.9,2,1.94,1.95,1.88
Main,England,Conference,2019/2020,31/08/2019,15:00,Chesterfield,Dag and Red,1,1,D,0,1,A,A Jackson,3,1,0,0,2,3.3,3.8,1.95,3.4,3.5,1.9,3.25,3.7,1.93,3.59,4.14,1.95,3.4,3.9,1.9,3.4,4.2,2,3.59,4.2,1.92,3.38,3.8,2.07,1.72,2.1,1.72,2.16,1.77,2.07,1.72,-0.5,1.97,1.82,1.9,1.93,2,1.94,1.93,1.89,1.85,3.4,4.33,1.95,3.4,3.5,1.85,3.3,3.95,1.85,3.72,4.29,1.95,3.4,3.9,1.83,3.5,4.33,1.95,3.72,4.33,1.86,3.46,3.97,2.05,1.75,2.02,1.84,2.1,1.85,2.02,1.76,-0.5,1.87,1.92,1.85,2.03,1.95,2.04,1.87,1.95
Main,England,Conference,2019/2020,31/08/2019,15:00,Eastleigh,Barnet,1,2,A,0,1,A,L Collins,3,1,1,0,2.3,3.4,3,2.3,3.2,2.9,2.35,3.1,2.85,2.46,3.33,3,2.4,3.25,2.9,2.5,3.3,2.8,2.5,3.4,3,2.37,3.23,2.86,2.05,1.75,2.06,1.75,2.12,1.8,2.05,1.73,-0.25,2.05,1.75,2.08,1.75,2.1,1.83,2.07,1.76,2.15,3.5,3.2,2.2,3.3,3,2.1,3.15,3.25,2.18,3.5,3.38,2.4,3.25,2.9,2.2,3.3,3.3,2.21,3.5,3.38,2.14,3.3,3.22,2.1,1.7,1.99,1.88,2.19,1.89,2.04,1.76,-0.25,1.85,1.95,1.88,1.99,1.95,1.99,1.88,1.96
Main,England,Conference,2019/2020,31/08/2019,15:00,Ebbsfleet,Aldershot,1,2,A,0,1,A,L Wood,3,3,0,0,2.25,3.4,3.1,2.4,3.2,2.75,2.3,3.1,2.9,2.48,3.12,3.17,2.3,3.3,3,2.3,3.3,3.1,2.48,3.4,3.17,2.34,3.18,2.96,2.07,1.72,2.12,1.71,2.16,1.77,2.07,1.72,-0.25,2,1.8,2.07,1.76,2.08,1.86,2.03,1.81,2.1,3.4,3.4,2.25,3.25,2.95,2.15,3.1,3.2,2.16,3.27,3.69,2.3,3.3,3,2.2,3.25,3.4,2.3,3.4,3.69,2.19,3.2,3.24,2.15,1.66,2.23,1.68,2.26,1.72,2.16,1.66,-0.25,1.85,1.95,1.85,2.04,1.97,2.07,1.89,1.95
Main,England,Conference,2019/2020,31/08/2019,15:00,Halifax,Solihull,2,1,H,1,0,H,M Woods,2,0,0,0,3.3,3.4,2.15,3.25,3.2,2.15,3.2,3.1,2.15,3.44,3.41,2.19,3.2,3.25,2.25,3.4,3.25,2.2,3.44,3.41,2.21,3.24,3.26,2.15,2.15,1.66,2.15,1.69,2.21,1.74,2.14,1.67,0.25,1.9,1.9,1.99,1.84,1.99,1.95,1.94,1.88,3.6,3.5,2,3.25,3.2,2.15,3.55,3.15,2,3.78,3.5,2.04,3.2,3.25,2.25,3.7,3.3,2.05,3.78,3.5,2.15,3.48,3.31,2.04,2.1,1.7,2.16,1.73,2.21,1.74,2.13,1.68,0.25,2.05,1.75,2.14,1.76,2.14,1.85,2.04,1.79
Main,England,Conference,2019/2020,31/08/2019,15:00,Harrogate,Dover Athletic,0,2,A,0,0,D,A Quelch,1,1,0,0,2.25,3.5,3,2.25,3.4,2.85,2.2,3.4,2.9,2.22,3.78,3.08,2.15,3.7,3,2.15,3.6,3.1,2.25,3.78,3.1,2.18,3.52,2.95,1.7,2.1,1.66,2.21,1.73,2.26,1.68,2.13,-0.25,1.95,1.85,1.93,1.91,2,1.94,1.92,1.9,2,3.6,3.5,1.95,3.5,3.4,1.95,3.5,3.3,1.98,3.96,3.56,2.15,3.7,3,1.95,3.7,3.6,2.05,3.98,3.6,1.96,3.62,3.38,1.7,2.1,1.67,2.26,1.74,2.28,1.68,2.15,-0.5,2.02,1.77,1.98,1.9,2.05,1.91,1.97,1.85
Main,England,Conference,2019/2020,31/08/2019,15:00,Sutton,Maidenhead,0,3,A,0,0,D,R Hulme,1,3,1,0,2.3,3.3,3.1,2.25,3.3,2.9,2.25,3.15,2.95,2.3,3.52,3.1,2.25,3.4,3.1,2.3,3.3,3.1,2.35,3.52,3.13,2.26,3.29,2.99,2.05,1.75,2.02,1.8,2.07,1.83,2,1.78,-0.25,2,1.8,1.97,1.85,2.05,1.9,1.99,1.84,2.05,3.4,3.5,2.05,3.3,3.3,2.05,3.15,3.4,2.13,3.41,3.59,2.25,3.4,3.1,2.1,3.3,3.5,2.14,3.44,3.59,2.08,3.28,3.38,2.1,1.7,2.26,1.67,2.26,1.78,2.09,1.72,-0.25,1.8,2,1.83,2.05,1.86,2.07,1.83,2
Main,England,Conference,2019/2020,31/08/2019,15:00,Torquay,Hartlepool,1,2,A,0,1,A,T Parsons,3,4,0,0,1.85,3.5,4,1.85,3.4,3.9,1.85,3.4,3.85,1.97,3.7,3.85,1.8,3.7,4.2,1.93,3.5,3.9,1.98,3.7,4.1,1.89,3.48,3.81,2,1.8,1.9,1.92,2,1.95,1.9,1.87,-0.5,1.9,1.9,1.94,1.89,1.97,1.96,1.9,1.93,1.9,3.5,3.9,1.9,3.5,3.6,1.85,3.35,3.75,1.91,3.76,4.02,1.8,3.7,4.2,1.9,3.5,4.1,2.01,3.76,4.1,1.9,3.49,3.73,2,1.8,1.93,1.93,2,1.94,1.91,1.85,-0.5,1.88,1.93,1.91,1.98,1.95,2,1.9,1.93
Main,England,Conference,2019/2020,31/08/2019,15:00,Woking,Barrow,3,2,H,0,1,A,D Bourne,2,4,0,0,2.3,3.5,2.9,2.3,3.3,2.85,2.3,3.25,2.8,2.42,3.63,2.84,2.4,3.4,2.8,2.3,3.4,3,2.46,3.63,3,2.32,3.38,2.84,1.85,1.95,1.88,1.93,1.92,1.98,1.85,1.92,-0.25,2,1.8,2.08,1.76,2.1,1.84,2.04,1.8,2.5,3.4,2.7,2.5,3.2,2.65,2.45,3.15,2.65,2.63,3.5,2.67,2.4,3.4,2.8,2.6,3.4,2.63,2.63,3.5,2.8,2.5,3.27,2.66,2,1.8,2.01,1.85,2.02,1.89,1.95,1.83,0,1.9,1.9,1.93,1.96,1.93,2,1.88,1.96
Main,England,Conference,2019/2020,31/08/2019,15:00,Wrexham,Stockport,1,2,A,0,2,A,G Parsons,0,0,0,0,2.15,3.4,3.3,2.15,3.2,3.25,2.15,3.05,3.2,2.29,3.22,3.42,2.2,3.25,3.3,2.25,3.2,3.3,2.29,3.4,3.5,2.19,3.17,3.24,2.15,1.66,2.14,1.7,2.25,1.76,2.15,1.66,-0.25,1.9,1.9,1.93,1.9,1.96,1.97,1.92,1.91,2.1,3.5,3.3,2.15,3.2,3.2,2.1,3.1,3.25,2.26,3.25,3.45,2.2,3.25,3.3,2.15,3.3,3.4,2.26,3.5,3.45,2.16,3.23,3.24,2,1.8,2.1,1.77,2.17,1.88,2.03,1.75,-0.25,1.85,1.95,1.93,1.95,1.93,2.02,1.88,1.95
Main,England,Conference,2019/2020,31/08/2019,15:00,Yeovil,Notts County,3,1,H,1,0,H,P Howard,2,1,0,0,2.87,3.4,2.37,2.8,3.2,2.4,2.9,3.1,2.3,2.88,3.57,2.42,2.7,3.2,2.6,3,3.25,2.38,3,3.57,2.46,2.84,3.28,2.36,2.1,1.7,2,1.81,2.1,1.83,2.03,1.75,0,2.1,1.7,2.09,1.75,2.2,1.8,2.11,1.73,3.1,3.4,2.25,2.9,3.2,2.3,2.95,3.15,2.25,2.98,3.61,2.34,2.7,3.2,2.6,3,3.25,2.38,3.22,3.61,2.38,2.98,3.32,2.25,2.07,1.72,2.03,1.83,2.1,1.84,2.02,1.76,0.25,1.82,1.97,1.84,2.04,1.9,2.05,1.84,1.98
Main,England,Conference,2019/2020,31/08/2019,17:20,Chorley,Boreham Wood,1,3,A,0,2,A,A Miller,1,1,0,0,2.2,3.2,3.3,2.25,3.25,2.95,2.25,3.15,3,2.32,3.22,3.36,2.38,3.25,3,2.25,3.3,3.2,2.35,3.4,3.36,2.26,3.21,3.07,2.05,1.75,2.03,1.78,2.08,1.83,2,1.77,-0.25,2,1.8,1.95,1.88,2.06,1.95,1.98,1.85,2.3,3.2,3.1,2.25,3.25,2.95,2.3,3.05,2.95,2.61,3.04,3.05,2.38,3.25,3,2.4,3.2,3,2.63,3.32,3.1,2.36,3.11,2.97,2.1,1.7,2.23,1.68,2.23,1.75,2.11,1.69,0,1.73,2.08,1.79,2.1,1.81,2.23,1.73,2.14
Main,England,Conference,2019/2020,03/09/2019,19:45,Barrow,Hartlepool,0,1,A,0,0,D,S Yianni,3,3,0,0,2.4,3.4,2.9,2.25,3.4,2.85,2.35,3.25,2.75,2.46,3.47,2.9,2.38,3.4,2.88,2.45,3.4,2.8,2.46,3.47,2.9,2.37,3.36,2.8,1.85,1.95,1.94,1.89,1.95,1.96,1.88,1.89,-0.25,2.08,1.73,2.11,1.76,2.14,1.82,2.07,1.76,2.45,3.6,2.62,2.4,3.4,2.65,2.4,3.3,2.65,2.59,3.61,2.66,2.55,3.5,2.6,2.6,3.4,2.6,2.6,3.61,2.7,2.47,3.42,2.61,1.8,2,1.81,2.06,1.85,2.07,1.8,1.97,0,1.9,1.9,1.92,1.97,1.93,1.98,1.88,1.93
Main,England,Conference,2019/2020,03/09/2019,19:45,Chesterfield,Halifax,2,3,A,0,2,A,P Gibbons,0,2,0,0,2.25,3.4,3.1,2.15,3.3,3.1,2.1,3.25,3.2,2.34,3.31,3.21,2.25,3.3,3.2,2.25,3.4,3.1,2.34,3.42,3.45,2.21,3.28,3.11,1.95,1.85,1.94,1.88,2.02,1.93,1.94,1.84,-0.25,1.95,1.85,2.01,1.85,2.02,1.97,1.95,1.87,2.1,3.5,3.3,2.35,3.3,2.75,2.25,3.25,2.9,2.23,3.54,3.24,2.2,3.4,3.2,2.25,3.3,3.13,2.35,3.54,3.3,2.21,3.34,3.03,1.85,1.95,1.9,1.96,1.92,2,1.86,1.91,-0.25,1.88,1.93,1.94,1.94,2.08,2.02,1.93,1.9
Main,England,Conference,2019/2020,03/09/2019,19:45,Dover Athletic,Ebbsfleet,1,1,D,0,1,A,L Wood,3,2,0,0,1.66,3.8,5,1.65,3.7,4.75,1.7,3.65,4.25,1.78,3.93,4.43,1.73,3.75,4.5,1.73,3.8,4.5,1.78,3.93,5,1.71,3.78,4.36,1.72,2.07,1.79,2.04,1.82,2.11,1.76,2.02,-0.75,1.95,1.85,2.02,1.84,2.04,1.91,1.96,1.86,1.57,4.2,5.25,1.65,3.7,4.75,1.6,3.8,4.65,1.66,4.16,4.96,1.62,4,5,1.62,4,5.2,1.7,4.2,5.25,1.63,3.91,4.72,1.75,2.05,1.77,2.1,1.78,2.19,1.72,2.07,-0.75,1.8,2,1.86,2.02,1.92,2.05,1.83,1.99
Main,England,Conference,2019/2020,03/09/2019,19:45,Eastleigh,Boreham Wood,2,0,H,1,0,H,S Allison,2,0,0,1,2.05,3.5,3.4,2.05,3.3,3.3,2,3.25,3.4,2.13,3.53,3.48,2.1,3.4,3.4,2.15,3.4,3.3,2.15,3.53,3.5,2.07,3.36,3.34,2.05,1.75,2.04,1.79,2.09,1.83,2.01,1.78,-0.25,1.88,1.93,1.83,2.03,1.91,2.04,1.84,1.98,2.05,3.5,3.4,2.1,3.25,3.3,2.1,3.2,3.25,2.18,3.5,3.37,2.15,3.4,3.3,2.15,3.4,3.3,2.18,3.5,3.4,2.11,3.32,3.27,2,1.8,2.13,1.75,2.13,1.85,2.01,1.77,-0.25,1.85,1.95,1.89,1.99,1.91,2.01,1.86,1.97
Main,England,Conference,2019/2020,03/09/2019,19:45,Harrogate,Chorley,2,0,H,1,0,H,T Parsons,0,2,0,0,1.72,3.8,4.5,1.7,3.6,4.4,1.7,3.7,4.15,1.76,3.94,4.53,1.73,3.9,4.33,1.73,3.9,4.4,1.77,4,4.65,1.71,3.8,4.32,1.7,2.1,1.7,2.15,1.74,2.24,1.69,2.12,-0.75,1.95,1.85,1.98,1.88,2.03,1.95,1.94,1.88,1.6,4,5.25,1.6,4,4.75,1.55,4.05,4.75,1.67,4.13,4.94,1.62,4,5,1.62,4.2,5,1.67,4.38,5.25,1.6,4.07,4.75,1.61,2.25,1.71,2.19,1.71,2.51,1.62,2.24,-0.75,1.77,2.02,1.85,2.02,1.87,2.13,1.78,2.05
Main,England,Conference,2019/2020,03/09/2019,19:45,Notts County,Solihull,0,0,D,0,0,D,D Middleton,3,5,0,0,2.75,3.5,2.4,2.6,3.25,2.5,2.65,3.35,2.4,2.82,3.5,2.51,2.75,3.4,2.45,2.75,3.5,2.45,2.82,3.56,2.55,2.67,3.4,2.44,1.8,2,1.78,2.06,1.83,2.1,1.78,2,0,2,1.8,2.05,1.82,2.06,1.88,2,1.82,2.9,3.5,2.25,2.8,3.25,2.35,2.7,3.3,2.35,2.79,3.59,2.48,2.75,3.5,2.4,2.8,3.5,2.4,2.9,3.59,2.48,2.76,3.39,2.37,1.75,2.05,1.79,2.08,1.85,2.08,1.76,2.02,0,2.08,1.73,2.05,1.83,2.11,1.83,2.06,1.77
Main,England,Conference,2019/2020,03/09/2019,19:45,Stockport,Fylde,2,1,H,2,0,H,S Barrott,0,2,0,0,2.3,3.5,2.9,2.3,3.4,2.8,2.3,3.25,2.8,2.35,3.52,3.03,2.35,3.4,2.9,2.38,3.5,2.8,2.4,3.52,3.03,2.3,3.39,2.87,1.8,2,1.86,1.97,1.9,2.01,1.83,1.95,-0.25,2.05,1.75,2.03,1.83,2.14,1.88,2.04,1.79,2.4,3.5,2.75,2.45,3.3,2.65,2.45,3.15,2.65,2.58,3.31,2.86,2.5,3.3,2.75,2.55,3.3,2.75,2.6,3.5,2.86,2.47,3.25,2.71,2,1.8,1.99,1.87,2.05,1.89,1.95,1.82,0,1.83,1.98,1.83,2.05,1.89,2.1,1.82,2.01
Main,England,Conference,2019/2020,03/09/2019,19:45,Woking,Torquay,1,1,D,0,0,D,E Swallow,1,2,0,0,2.4,3.4,2.8,2.45,3.4,2.55,2.55,3.3,2.45,2.5,3.44,2.86,2.4,3.5,2.75,2.45,3.5,2.75,2.63,3.58,2.86,2.44,3.39,2.67,1.75,2.05,1.78,2.05,1.83,2.12,1.77,2.02,0,1.8,2,1.79,2.08,1.86,2.09,1.81,2.01,2.2,3.4,3.2,2.1,3.4,3.1,2.1,3.45,2.95,2.31,3.55,3.07,2.2,3.6,3,2.25,3.5,3,2.31,3.72,3.2,2.19,3.45,2.98,1.65,2.2,1.65,2.31,1.68,2.35,1.63,2.22,-0.25,1.9,1.9,2.01,1.87,2.05,1.92,1.96,1.86
Main,England,Conference,2019/2020,03/09/2019,19:45,Wrexham,Maidenhead,2,2,D,1,1,D,R Welch,2,2,0,0,1.8,3.5,4.5,1.72,3.5,4.5,1.75,3.4,4.2,1.78,3.82,4.59,1.78,3.6,4.4,1.83,3.6,4.2,1.85,3.82,4.59,1.78,3.56,4.27,1.95,1.85,2,1.83,2.03,1.91,1.95,1.82,-0.5,1.8,2,1.77,2.11,1.86,2.11,1.79,2.02,1.8,3.75,4.2,1.83,3.4,4,1.75,3.4,4.2,1.83,3.81,4.27,1.8,3.7,4.2,1.83,3.6,4.2,1.87,3.81,4.4,1.8,3.55,4.1,2,1.8,2,1.86,2.04,1.88,1.96,1.82,-0.5,1.77,2.02,1.83,2.05,1.83,2.09,1.8,2.02
Main,England,Conference,2019/2020,03/09/2019,19:45,Yeovil,Sutton,1,0,H,0,0,D,M Russell,3,3,0,0,2.4,3.3,2.87,2.3,3.2,2.9,2.4,3.2,2.7,2.57,3.33,2.86,2.5,3.3,2.75,2.45,3.4,2.8,2.57,3.42,2.9,2.43,3.25,2.78,1.95,1.85,1.98,1.85,2.02,1.9,1.94,1.84,0,1.77,2.02,1.83,2.04,1.83,2.13,1.78,2.05,2.37,3.3,3,2.3,3.2,2.9,2.25,3.2,2.9,2.38,3.34,3.13,2.3,3.3,3.1,2.3,3.3,3.1,2.38,3.44,3.13,2.29,3.25,2.98,1.95,1.85,1.99,1.87,2,1.91,1.92,1.85,-0.25,1.98,1.83,2.04,1.84,2.04,1.89,1.99,1.84
Main,England,Conference,2019/2020,04/09/2019,19:45,Dag and Red,Bromley,1,1,D,1,0,H,A Quelch,1,1,0,0,2.62,3.4,2.55,2.55,3.25,2.55,2.55,3.25,2.5,2.77,3.53,2.53,2.7,3.4,2.5,2.7,3.4,2.55,2.77,3.53,2.6,2.62,3.32,2.51,1.9,1.9,1.93,1.88,1.95,1.97,1.88,1.89,0,1.93,1.88,2.01,1.82,2.03,1.93,1.94,1.87,3.3,3.4,2.15,3,3.2,2.25,2.95,3.4,2.15,3.09,3.73,2.23,3.1,3.6,2.15,3.13,3.6,2.15,3.3,3.73,2.3,3.01,3.47,2.17,1.66,2.15,1.72,2.18,1.76,2.24,1.68,2.12,0.25,1.9,1.9,1.93,1.95,1.96,1.98,1.91,1.91
Main,England,Conference,2019/2020,07/09/2019,15:00,Aldershot,Barrow,1,2,A,0,1,A,J Durkin,1,3,0,0,2.75,3.4,2.5,2.5,3.4,2.5,2.55,3.15,2.55,2.55,3.56,2.72,2.55,3.4,2.62,2.63,3.4,2.6,2.75,3.56,2.72,2.55,3.33,2.56,2,1.8,2.01,1.8,2.05,1.86,1.98,1.79,0,1.93,1.88,1.85,1.98,1.95,1.98,1.91,1.9,2.75,3.4,2.5,2.5,3.4,2.5,2.6,3.15,2.5,2.63,3.54,2.65,2.62,3.4,2.55,2.7,3.4,2.55,2.75,3.54,2.65,2.61,3.33,2.51,2,1.8,2.05,1.82,2.05,1.88,1.97,1.81,0,1.98,1.83,1.93,1.95,2.02,1.95,1.96,1.87
Main,England,Conference,2019/2020,07/09/2019,15:00,Boreham Wood,Dover Athletic,3,1,H,2,1,H,S Jackson,3,2,0,0,2.8,3.4,2.4,2.7,3.3,2.4,2.7,3.25,2.4,2.8,3.79,2.38,2.75,3.6,2.35,2.8,3.4,2.45,2.85,3.79,2.45,2.72,3.42,2.37,1.85,1.95,1.81,2,1.92,2.01,1.86,1.9,0,2.02,1.77,2.08,1.76,2.11,1.82,2.04,1.78,3.25,3.5,2.3,3,3.3,2.2,2.95,3.1,2.3,3.06,3.23,2.48,2.75,3.6,2.38,3,3.25,2.38,3.25,3.5,2.48,2.97,3.23,2.31,1.95,1.85,2.07,1.79,2.16,1.85,2.04,1.75,0.25,1.8,2,1.78,2.11,1.84,2.11,1.79,2.04
Main,England,Conference,2019/2020,07/09/2019,15:00,Bromley,Chesterfield,2,1,H,1,0,H,G Rhodes,1,1,0,0,2.1,3.3,3.5,2,3.4,3.4,2.05,3.35,3.2,2.15,3.57,3.39,2.1,3.5,3.3,2.1,3.5,3.4,2.15,3.6,3.5,2.07,3.39,3.3,1.8,2,1.74,2.08,1.83,2.1,1.78,1.99,-0.25,1.83,1.98,1.84,1.99,1.86,2.05,1.82,1.99,2.1,3.3,3.5,2,3.4,3.4,2,3.35,3.25,2.15,3.54,3.41,2.05,3.5,3.4,2.05,3.6,3.4,2.15,3.6,3.5,2.06,3.41,3.32,1.8,2,1.84,2.02,1.86,2.07,1.8,1.98,-0.25,1.8,2,1.87,2.02,1.87,2.09,1.81,2.02
Main,England,Conference,2019/2020,07/09/2019,15:00,Chorley,Stockport,3,0,H,2,0,H,D Richardson,1,0,0,0,3.5,3.6,2,3.2,3.4,2.05,3.35,3.35,2,3.63,3.65,2.04,3.6,3.5,2,3.6,3.5,2,3.63,3.65,2.05,3.42,3.46,2,1.85,1.95,1.88,1.93,1.92,1.98,1.85,1.92,0.25,2.05,1.75,2.1,1.74,2.11,1.8,2.06,1.75,2.75,3.6,2.37,2.9,3.4,2.2,2.9,3.3,2.25,2.95,3.63,2.35,3.1,3.6,2.15,2.9,3.4,2.38,3.04,3.64,2.38,2.86,3.43,2.27,1.85,1.95,1.91,1.95,1.92,1.98,1.85,1.92,0.25,1.8,2,1.83,2.05,1.86,2.07,1.82,2.01
Main,England,Conference,2019/2020,07/09/2019,15:00,Ebbsfleet,Eastleigh,1,1,D,1,0,H,R Hulme,2,1,0,0,2.62,3.5,2.5,2.6,3.3,2.5,2.55,3.2,2.5,999,999,999,2.62,3.4,2.55,2.6,3.4,2.6,2.67,3.5,2.61,2.57,3.35,2.52,1.9,1.9,999,999,1.95,1.95,1.87,1.88,0,1.93,1.88,999,999,1.98,1.93,1.92,1.89,2.75,3.5,2.4,2.6,3.3,2.5,2.6,3.25,2.45,2.79,3.44,2.56,2.62,3.4,2.55,2.75,3.4,2.5,2.79,3.5,2.58,2.63,3.36,2.48,1.85,1.95,1.92,1.95,1.95,1.99,1.87,1.91,0,2,1.8,2.02,1.85,2.04,1.92,1.98,1.85
Main,England,Conference,2019/2020,07/09/2019,15:00,Halifax,Yeovil,0,2,A,0,1,A,J Hull,1,3,0,0,2,3.6,3.5,1.91,3.5,3.5,1.95,3.35,3.5,2.13,3.41,3.61,2.1,3.4,3.4,2.05,3.5,3.5,2.13,3.6,3.61,2.03,3.38,3.39,1.85,1.95,1.93,1.88,1.95,1.96,1.88,1.88,-0.5,2.02,1.77,2.1,1.74,2.1,1.83,2.05,1.76,2.05,3.6,3.4,1.91,3.5,3.5,1.95,3.25,3.55,2.06,3.47,3.76,2,3.5,3.6,2.1,3.4,3.4,2.1,3.6,3.76,2,3.38,3.52,2.05,1.75,2.01,1.85,2.06,1.9,1.97,1.8,-0.5,2.05,1.75,2.06,1.83,2.13,1.85,2.03,1.79
Main,England,Conference,2019/2020,07/09/2019,15:00,Maidenhead,Dag and Red,0,1,A,0,0,D,D Bourne,1,0,0,0,2.4,3.5,2.75,2.25,3.4,2.85,2.35,3.15,2.8,2.48,3.42,2.91,2.4,3.3,2.88,2.38,3.4,2.9,2.48,3.5,2.95,2.35,3.3,2.83,2,1.8,1.99,1.82,2.02,1.88,1.94,1.82,-0.25,2.05,1.75,2.11,1.74,2.12,1.83,2.05,1.77,2.37,3.5,2.8,2.25,3.4,2.85,2.35,3.1,2.85,2.5,3.33,2.95,2.38,3.4,2.88,2.45,3.3,2.9,2.5,3.5,2.95,2.38,3.24,2.85,2.07,1.72,2.11,1.76,2.16,1.8,2.05,1.74,-0.25,2.05,1.75,2.14,1.76,2.14,1.82,2.08,1.76
Main,England,Conference,2019/2020,07/09/2019,15:00,Sutton,Notts County,1,1,D,1,0,H,L Smith,2,1,0,0,2.75,3.3,2.5,2.65,3.4,2.4,2.7,3.2,2.4,2.76,3.37,2.63,2.7,3.3,2.55,2.7,3.3,2.6,2.76,3.4,2.63,2.66,3.27,2.5,1.95,1.85,2.03,1.79,2.04,1.9,1.95,1.82,0,1.95,1.85,1.96,1.86,2.01,1.91,1.95,1.85,3.1,3.3,2.25,2.9,3.2,2.3,2.95,3.1,2.3,3.09,3.38,2.38,2.75,3.3,2.5,3,3.3,2.38,3.1,3.39,2.4,2.94,3.23,2.32,2.1,1.7,2.11,1.76,2.16,1.81,2.05,1.74,0.25,1.82,1.97,1.83,2.05,1.84,2.1,1.79,2.03
Main,England,Conference,2019/2020,07/09/2019,15:00,Torquay,Harrogate,4,2,H,0,1,A,A Jackson,2,0,0,1,2.2,3.4,3.2,2.2,3.4,2.9,2.2,3.35,2.9,2.28,3.74,2.99,2.25,3.6,2.9,2.25,3.5,3,2.28,3.74,3.2,2.21,3.47,2.93,1.8,2,1.68,2.17,1.81,2.18,1.73,2.06,-0.25,1.98,1.83,1.97,1.85,2,1.95,1.95,1.85,2.37,3.4,2.87,2.35,3.4,2.7,2.3,3.35,2.7,2.37,3.59,2.94,2.3,3.5,2.9,2.38,3.5,2.8,2.4,3.64,2.94,2.34,3.44,2.76,1.7,2.1,1.72,2.17,1.76,2.25,1.7,2.11,-0.25,2.05,1.75,2.06,1.82,2.13,1.85,2.06,1.78
Main,England,Conference,2019/2020,07/09/2019,19:30,Hartlepool,Woking,1,1,D,1,0,H,T Reeves,2,4,0,0,2.05,3.5,3.4,2.15,3.5,2.95,2.05,3.35,3.2,2.14,3.73,3.27,2.1,3.6,3.25,2.15,3.5,3.25,2.17,3.73,3.4,2.09,3.47,3.18,1.85,1.95,1.79,2.03,1.9,2.04,1.82,1.94,-0.25,1.83,1.98,1.85,1.98,1.95,2.05,1.84,1.97,2.3,3.5,2.9,2.15,3.5,2.95,2.2,3.35,2.9,2.28,3.63,3.07,2.3,3.5,2.9,2.38,3.5,2.88,2.38,3.63,3.07,2.25,3.44,2.91,1.8,2,1.83,2.04,1.85,2.08,1.79,1.99,-0.25,2,1.8,1.99,1.89,2.07,1.9,2,1.83
Main,England,Conference,2019/2020,14/09/2019,15:00,Barnet,Maidenhead,1,0,H,0,0,D,D Richardson,1,2,0,0,1.95,3.5,3.75,1.95,3.7,3.25,1.95,3.45,3.35,2.02,3.64,3.73,2.05,3.6,3.4,2,3.5,3.7,2.08,3.7,3.75,1.99,3.48,3.44,1.85,1.95,1.74,2.08,1.85,2.11,1.75,2.03,-0.5,1.98,1.83,1.99,1.84,2.06,1.88,1.99,1.82,1.95,3.5,3.75,1.95,3.5,3.4,1.9,3.25,3.7,1.98,3.52,4.01,2.05,3.5,3.4,1.95,3.4,3.9,2.01,3.55,4.01,1.95,3.4,3.65,2.07,1.72,2.02,1.84,2.14,1.91,2,1.78,-0.5,1.95,1.85,1.98,1.9,2.02,1.91,1.97,1.85
Main,England,Conference,2019/2020,14/09/2019,15:00,Barrow,Solihull,3,0,H,2,0,H,J Johnson,1,1,0,1,3.5,3.3,2.1,3.1,3.4,2.1,3.05,3.35,2.1,3.19,3.7,2.19,3.1,3.5,2.2,3.1,3.5,2.2,3.5,3.7,2.26,3.11,3.41,2.14,1.8,2,1.77,2.04,1.81,2.1,1.75,2.02,0.25,1.9,1.9,1.94,1.89,1.95,1.97,1.91,1.9,3.25,3.25,2.2,3.25,3.3,2.1,3.05,3.2,2.2,3.15,3.46,2.3,3.2,3.5,2.15,3.1,3.4,2.25,3.26,3.46,2.3,3.11,3.29,2.19,2,1.8,1.99,1.87,2.07,1.89,1.96,1.82,0.25,1.85,1.95,1.88,2,1.95,2.03,1.88,1.94
Main,England,Conference,2019/2020,14/09/2019,15:00,Chesterfield,Torquay,1,0,H,1,0,H,R Welch,0,0,0,0,2.45,3.5,2.7,2.4,3.4,2.65,2.35,3.35,2.65,2.49,3.59,2.78,2.55,3.5,2.6,2.45,3.5,2.75,2.5,3.65,2.78,2.4,3.42,2.67,1.7,2.1,1.67,2.19,1.73,2.24,1.68,2.12,0,1.8,2,1.81,2.02,1.86,2.06,1.81,2.01,2.2,3.5,3.1,2.4,3.4,2.65,2.25,3.35,2.8,2.32,3.72,2.93,2.45,3.5,2.7,2.3,3.5,2.9,2.45,3.72,3.1,2.32,3.46,2.78,1.72,2.07,1.75,2.14,1.78,2.15,1.71,2.09,0,1.68,2.15,1.72,2.19,1.82,2.25,1.74,2.11
Main,England,Conference,2019/2020,14/09/2019,15:00,Dag and Red,Hartlepool,3,1,H,1,0,H,S Allison,0,2,0,0,2.45,3.25,2.87,2.55,2.95,2.8,2.5,2.95,2.8,2.66,2.99,3.03,2.6,3,2.9,2.55,3.1,2.9,2.66,3.25,3.03,2.51,2.99,2.85,2.2,1.65,2.35,1.58,2.45,1.65,2.31,1.58,0,1.77,2.02,1.79,2.04,1.83,2.1,1.79,2.03,2.45,3.25,2.87,2.55,2.95,2.8,2.4,3.1,2.7,2.64,3.22,2.85,2.55,3,3,2.55,3.25,2.8,2.64,3.4,2.87,2.51,3.11,2.76,2.2,1.65,2.05,1.81,2.2,1.87,2.01,1.77,0,1.77,2.02,1.86,2.02,1.88,2.07,1.82,2.01
Main,England,Conference,2019/2020,14/09/2019,15:00,Dover Athletic,Chorley,1,1,D,1,0,H,J Bell,1,4,0,0,1.8,3.5,4.5,1.78,3.4,4.33,1.8,3.55,3.95,1.81,3.93,4.26,1.78,3.7,4.33,1.8,3.75,4.2,1.88,3.93,4.5,1.8,3.6,4.06,1.8,2,1.78,2.03,1.83,2.07,1.78,1.99,-0.5,1.8,2,1.79,2.05,1.85,2.1,1.81,2.01,1.61,3.6,5.75,1.7,3.4,4.75,1.6,3.75,4.7,1.66,4.26,4.86,1.78,3.7,4.33,1.62,4,5.2,1.72,4.26,5.75,1.63,3.85,4.76,1.8,2,1.78,2.09,1.81,2.12,1.77,2.01,-0.75,1.8,2,1.87,2.01,1.9,2.04,1.83,1.99
Main,England,Conference,2019/2020,14/09/2019,15:00,Eastleigh,Bromley,1,1,D,0,0,D,C Brook,1,2,0,0,2.37,3.5,2.8,2.4,3.1,2.85,2.4,3.3,2.65,2.63,3.38,2.75,2.45,3.25,2.88,2.6,3.4,2.63,2.63,3.6,2.85,2.45,3.29,2.69,1.72,2.07,1.74,2.08,1.78,2.15,1.71,2.07,0,1.8,2,1.87,1.96,1.92,2.02,1.85,1.96,2.45,3.5,2.7,2.4,3.2,2.8,2.4,3.3,2.6,2.64,3.36,2.75,2.55,3.3,2.7,2.5,3.5,2.7,2.64,3.56,2.8,2.47,3.3,2.67,1.8,2,1.8,2.07,1.86,2.1,1.76,2.02,0,1.85,1.95,1.9,1.98,1.9,2.06,1.86,1.98
Main,England,Conference,2019/2020,14/09/2019,15:00,Harrogate,Boreham Wood,0,0,D,0,0,D,S Copeland,2,3,0,0,1.9,3.5,3.9,1.9,3.3,3.9,1.8,3.45,3.8,1.97,3.3,4.39,1.95,3.6,3.6,1.95,3.5,3.8,1.99,3.72,4.39,1.9,3.36,3.88,1.85,1.95,1.88,1.93,1.92,2,1.83,1.94,-0.5,1.95,1.85,1.94,1.88,1.98,1.95,1.93,1.88,2.3,3.3,3,2.15,3.25,3.2,2.25,3.3,2.8,2.46,3.42,2.93,1.95,3.6,3.6,2.38,3.5,2.8,2.47,3.5,3.4,2.28,3.31,2.94,1.75,2.05,1.81,2.05,1.83,2.12,1.76,2.02,-0.25,1.97,1.82,2.12,1.78,2.13,1.92,2.01,1.81
Main,England,Conference,2019/2020,14/09/2019,15:00,Notts County,Halifax,1,0,H,0,0,D,A Miller,3,3,1,0,2.1,3.6,3.2,2.1,3.4,3.1,2.05,3.35,3.2,2.11,3.61,3.45,2.15,3.5,3.2,2.1,3.6,3.3,2.2,3.61,3.45,2.09,3.44,3.2,1.8,2,1.82,1.99,1.85,2.1,1.77,2,-0.25,1.8,2,1.81,2.02,1.92,2.07,1.84,1.97,1.8,3.8,4.2,1.87,3.6,3.6,1.8,3.55,3.9,1.83,4,4.05,2.1,3.5,3.3,1.83,3.7,4.1,1.88,4,4.2,1.82,3.65,3.86,1.8,2,1.81,2.06,1.84,2.07,1.77,2,-0.5,1.8,2,1.83,2.05,1.88,2.05,1.84,1.98
Main,England,Conference,2019/2020,14/09/2019,15:00,Stockport,Aldershot,1,2,A,0,2,A,A Kitchen,2,4,0,0,1.72,3.8,4.5,1.72,3.6,4.33,1.75,3.6,3.95,1.89,3.58,4.31,1.83,3.7,4,1.87,3.8,3.8,1.93,3.8,4.5,1.8,3.59,4.04,1.72,2.07,1.74,2.08,1.78,2.2,1.71,2.08,-0.75,2,1.8,2.12,1.72,2.17,1.83,2.04,1.78,1.9,3.75,3.75,1.78,3.5,4.1,1.9,3.35,3.65,1.99,3.44,4.07,1.85,3.7,3.9,2,3.6,3.6,2.02,3.75,4.1,1.92,3.41,3.77,1.85,1.95,1.93,1.93,1.97,1.97,1.88,1.88,-0.5,1.95,1.85,1.99,1.89,2.02,1.95,1.95,1.86
Main,England,Conference,2019/2020,14/09/2019,15:00,Woking,Ebbsfleet,2,2,D,1,0,H,S Jackson,3,3,0,0,1.66,4,4.75,1.7,3.9,4.1,1.7,3.7,4.2,1.78,3.99,4.32,1.75,3.9,4.2,1.75,3.9,4.3,1.86,4,4.75,1.74,3.78,4.12,1.7,2.1,1.67,2.19,1.72,2.24,1.68,2.12,-0.75,1.9,1.9,2.01,1.82,2.04,1.9,1.99,1.81,2,3.75,3.4,1.85,3.75,3.5,1.95,3.45,3.35,2.05,3.48,3.78,1.78,3.8,4.2,2,3.6,3.5,2.05,3.75,4,1.96,3.5,3.52,1.72,2.07,1.72,2.17,1.75,2.23,1.69,2.11,-0.5,2,1.8,2.05,1.83,2.08,1.95,1.98,1.85
Main,England,Conference,2019/2020,14/09/2019,15:00,Yeovil,Fylde,3,2,H,2,0,H,S Yianni,2,1,0,0,2.45,3.6,2.62,2.35,3.5,2.65,2.4,3.3,2.65,2.59,3.63,2.64,2.5,3.5,2.62,2.5,3.5,2.7,2.59,3.63,2.85,2.43,3.43,2.65,1.75,2.05,1.75,2.06,1.81,2.1,1.75,2.02,0,1.83,1.98,1.89,1.93,1.92,2.03,1.84,1.97,2.3,3.5,2.9,2.35,3.4,2.7,2.4,3.25,2.7,2.58,3.35,2.83,2.45,3.5,2.7,2.4,3.5,2.8,2.58,3.5,3,2.4,3.32,2.76,1.85,1.95,1.96,1.91,1.97,1.97,1.86,1.91,0,1.77,2.02,1.85,2.03,1.85,2.14,1.79,2.05
Main,England,Conference,2019/2020,14/09/2019,17:20,Wrexham,Sutton,1,1,D,0,0,D,S Mather,1,3,0,1,1.8,3.5,4.5,1.87,3.3,3.9,1.8,3.4,3.95,1.91,3.72,4.05,1.85,3.5,4.2,1.85,3.6,4.1,1.93,3.72,4.5,1.85,3.46,3.94,2,1.8,1.97,1.84,2.02,1.88,1.96,1.81,-0.5,1.88,1.93,1.88,1.94,1.91,2,1.86,1.95,1.72,3.6,5,1.75,3.5,4.25,1.7,3.5,4.35,1.77,3.89,4.53,1.85,3.6,4,1.73,3.7,4.75,1.82,3.89,5,1.75,3.62,4.34,1.95,1.85,1.97,1.89,2.02,1.91,1.94,1.83,-0.75,2,1.8,2.02,1.85,2.05,1.89,1.99,1.83
Main,England,Conference,2019/2020,17/09/2019,19:45,Barnet,Aldershot,2,0,H,0,0,D,L Wood,2,2,0,0,1.83,3.6,4.2,1.78,3.4,4.33,1.8,3.3,4.1,1.93,3.48,4.32,1.91,3.4,4,1.8,3.4,4,1.96,3.6,4.33,1.85,3.42,4.06,2.05,1.75,2.09,1.75,2.12,1.8,2.03,1.75,-0.5,1.85,1.95,1.92,1.95,1.92,2,1.86,1.95,2,3.5,3.6,1.95,3.3,3.7,2,3.2,3.5,2.08,3.35,3.84,2.1,3.3,3.5,2,3.25,3.5,2.12,3.5,3.85,2.02,3.29,3.58,2.05,1.75,2.07,1.79,2.12,1.82,2.03,1.75,-0.25,1.77,2.02,1.78,2.11,1.83,2.2,1.75,2.08
Main,England,Conference,2019/2020,21/09/2019,15:00,Aldershot,Wrexham,1,0,H,0,0,D,D Bourne,0,3,0,0,3.1,3.5,2.2,3,3.2,2.25,3.2,3.05,2.15,3.36,3.19,2.33,3.2,3.2,2.25,3.4,3.4,2.38,3.4,3.5,2.38,3.18,3.16,2.23,2.2,1.65,2.33,1.59,2.38,1.69,2.23,1.62,0.25,1.88,1.93,1.87,1.96,1.95,1.97,1.89,1.92,2.9,3.5,2.3,3,3.2,2.25,3.05,3,2.3,3.16,3.3,2.38,3.25,3.2,2.25,3.3,3.3,2.45,3.3,3.5,2.45,3.05,3.17,2.3,2.3,1.6,2.31,1.64,2.4,1.65,2.29,1.59,0.25,1.8,2,1.84,2.04,1.86,2.07,1.82,1.99
Main,England,Conference,2019/2020,21/09/2019,15:00,Boreham Wood,Stockport,4,0,H,3,0,H,B Speedie,0,1,0,0,2.37,3.5,2.8,2.3,3.25,2.85,2.3,3.15,2.85,2.43,3.42,2.97,2.35,3.4,2.9,2.5,3.5,3.1,2.5,3.5,3.1,2.35,3.29,2.85,2.05,1.75,2.05,1.77,2.1,1.81,2.02,1.76,-0.25,2.02,1.77,2.07,1.76,2.1,1.83,2.05,1.77,2.05,3.5,3.4,2.15,3.25,3.2,2.05,3.2,3.3,2.07,3.66,3.52,2.3,3.4,3,2.15,3.5,3.6,2.2,3.67,3.6,2.08,3.38,3.3,2,1.8,1.98,1.88,2.09,1.88,2,1.79,-0.25,1.8,2,1.79,2.09,1.92,2.13,1.82,2
Main,England,Conference,2019/2020,21/09/2019,15:00,Bromley,Notts County,2,1,H,1,1,D,L Wood,1,0,0,0,2.15,3.5,3.2,2.15,3.3,3.1,2.15,3.2,3.1,2.33,3.43,3.13,2.3,3.4,3,2.38,3.5,3.3,2.38,3.5,3.3,2.21,3.3,3.09,2,1.8,2,1.81,2.04,1.87,1.97,1.8,-0.25,1.93,1.88,1.99,1.84,1.99,1.95,1.93,1.88,2.55,3.4,2.62,2.55,3.2,2.6,2.5,3.1,2.65,2.59,3.31,2.84,2.2,3.4,3.2,2.63,3.4,2.88,2.63,3.4,2.88,2.53,3.22,2.69,2.05,1.75,2.12,1.76,2.12,1.85,2.02,1.76,0,1.83,1.98,1.85,2.03,1.89,2.05,1.85,1.98
Main,England,Conference,2019/2020,21/09/2019,15:00,Chorley,Woking,1,1,D,1,1,D,L Smith,2,3,0,1,3.1,3.5,2.05,3,3.4,2.15,3.25,3.4,2,3.29,3.74,2.13,3.25,3.6,2.1,3.5,3.6,2.2,3.55,3.74,2.2,3.2,3.48,2.08,1.8,2,1.8,2.01,1.83,2.08,1.78,1.98,0.25,2,1.8,1.99,1.84,2.06,1.87,1.99,1.82,2.5,3.5,2.45,2.65,3.4,2.4,2.6,3.25,2.45,2.73,3.54,2.55,3.1,3.5,2.2,2.8,3.5,2.6,2.8,3.54,2.6,2.63,3.36,2.48,1.8,2,1.84,2.02,1.94,2.02,1.84,1.93,0,1.93,1.88,2.01,1.87,2.04,1.93,1.96,1.86
Main,England,Conference,2019/2020,21/09/2019,15:00,Ebbsfleet,Barrow,0,3,A,0,1,A,J Hull,2,2,0,0,2.5,3.6,2.6,2.55,3.4,2.5,2.45,3.45,2.5,2.67,3.67,2.55,2.6,3.6,2.5,2.63,3.6,2.7,2.67,3.7,2.7,2.53,3.51,2.5,1.72,2.07,1.63,2.26,1.72,2.4,1.61,2.25,0,1.88,1.93,1.96,1.87,1.99,1.99,1.91,1.9,2.62,3.6,2.45,2.55,3.4,2.5,2.55,3.35,2.45,2.62,3.89,2.49,2.55,3.7,2.5,2.75,3.6,2.55,2.75,3.89,2.55,2.58,3.52,2.45,1.7,2.1,1.67,2.25,1.75,2.25,1.67,2.14,0,1.98,1.83,1.99,1.89,2.05,1.9,1.98,1.85
Main,England,Conference,2019/2020,21/09/2019,15:00,Halifax,Barnet,4,2,H,2,2,D,T Reeves,0,4,0,0,2.37,3.5,2.8,2.25,3.3,2.95,2.35,3.1,2.85,2.51,3.41,2.87,2.4,3.3,2.88,2.55,3.4,3,2.55,3.5,3,2.38,3.25,2.83,2.05,1.75,2.06,1.76,2.1,1.81,2.03,1.75,-0.25,2.05,1.75,2.13,1.72,2.14,1.8,2.07,1.75,2.6,3.5,2.6,2.65,3.2,2.5,2.6,3.1,2.55,2.68,3.26,2.77,2.45,3.2,2.88,2.75,3.4,2.8,2.75,3.5,2.8,2.61,3.21,2.61,2.05,1.75,2.07,1.79,2.1,1.81,2.04,1.75,0,1.9,1.9,1.91,1.97,1.95,1.98,1.9,1.92
Main,England,Conference,2019/2020,21/09/2019,15:00,Hartlepool,Dover Athletic,0,2,A,0,1,A,J Johnson,3,1,2,0,2.25,3.5,3,2.25,3.5,2.8,2.25,3.25,2.85,2.48,3.48,2.86,2.38,3.4,2.88,2.45,3.5,3.13,2.48,3.5,3.13,2.33,3.34,2.84,1.95,1.85,1.91,1.91,1.96,1.94,1.89,1.87,-0.25,2,1.8,2.12,1.73,2.12,1.84,2.04,1.78,2.4,3.5,2.75,2.25,3.5,2.8,2.35,3.3,2.7,2.59,3.64,2.63,2.3,3.4,3,2.5,3.5,2.9,2.64,3.64,2.9,2.41,3.41,2.69,1.8,2,1.81,2.06,1.88,2.06,1.81,1.97,0,1.8,2,1.93,1.96,1.99,2.11,1.84,1.99
Main,England,Conference,2019/2020,21/09/2019,15:00,Maidenhead,Harrogate,1,1,D,1,1,D,E Swallow,1,2,0,0,2.5,3.5,2.62,2.45,3.2,2.7,2.45,3.2,2.65,2.58,3.63,2.65,2.5,3.4,2.7,2.63,3.5,2.8,2.63,3.63,2.8,2.48,3.35,2.63,1.95,1.85,1.89,1.93,1.99,1.95,1.9,1.86,0,1.88,1.93,1.88,1.94,1.92,2.01,1.87,1.94,2.75,3.5,2.4,2.6,3.2,2.55,2.65,3.3,2.4,2.8,3.6,2.47,2.6,3.4,2.6,2.8,3.5,2.63,2.8,3.6,2.63,2.64,3.38,2.47,1.8,2,1.85,2.01,1.89,2.02,1.82,1.95,0,2,1.8,2.07,1.81,2.07,1.92,1.98,1.85
Main,England,Conference,2019/2020,21/09/2019,15:00,Solihull,Yeovil,0,1,A,0,0,D,A Quelch,1,5,0,0,1.95,3.6,3.5,2,3.5,3.3,1.95,3.35,3.4,2.08,3.49,3.65,2.05,3.4,3.5,2.1,3.6,3.7,2.1,3.6,3.7,2.02,3.44,3.37,1.85,1.95,1.93,1.88,1.95,1.97,1.87,1.89,-0.5,1.95,1.85,2.05,1.78,2.08,1.86,2.03,1.79,1.85,3.6,4,1.87,3.5,3.7,1.85,3.45,3.8,1.85,3.95,4.03,1.95,3.5,3.7,2,3.75,4.1,2.09,3.95,4.2,1.91,3.53,3.69,1.85,1.95,1.93,1.94,1.96,1.97,1.87,1.9,-0.5,1.95,1.85,1.85,2.03,2.08,2.03,1.96,1.86
Main,England,Conference,2019/2020,21/09/2019,15:00,Sutton,Chesterfield,4,0,H,2,0,H,G Parsons,1,3,0,0,2.5,3.2,2.8,2.6,3,2.7,2.45,3.15,2.65,2.73,3.13,2.83,2.6,3.2,2.7,2.7,3.3,2.8,2.73,3.34,2.83,2.57,3.12,2.69,2,1.8,2,1.81,2.04,1.86,1.97,1.8,0,1.85,1.95,1.88,1.95,1.92,2,1.86,1.95,3.5,3.25,2.15,3,3.1,2.3,3.05,3.15,2.2,3.42,3.28,2.26,2.5,3.2,2.8,3.4,3.3,2.3,3.5,3.3,2.3,3.2,3.17,2.22,2.05,1.75,2.12,1.76,2.13,1.8,2.04,1.75,0.25,1.87,1.92,1.94,1.94,1.98,1.96,1.9,1.91
Main,England,Conference,2019/2020,21/09/2019,15:00,Torquay,Dag and Red,0,0,D,0,0,D,M Russell,0,3,0,0,2.05,3.6,3.3,999,999,999,2,3.65,3.05,2.12,4.2,3.03,2.1,4,3,2.15,4,3.3,2.15,4.2,3.3,2.08,3.77,3.02,1.5,2.5,1.5,2.55,1.53,2.62,1.49,2.51,-0.25,1.8,2,1.86,1.97,1.89,2.04,1.84,1.96,1.9,3.75,3.6,1.95,3.5,3.4,1.85,3.7,3.45,2.02,4.07,3.34,2.1,3.7,3.2,2,4,3.3,2.02,4.07,3.6,1.95,3.74,3.34,1.6,2.3,1.61,2.38,1.61,2.5,1.55,2.36,-0.5,1.95,1.85,2.02,1.85,2.04,1.93,1.97,1.85
Main,England,Conference,2019/2020,21/09/2019,17:20,Fylde,Eastleigh,3,1,H,1,0,H,M Woods,1,1,0,0,2.05,3.4,3.5,2.2,3.3,3,2.15,3.15,3.15,2.23,3.37,3.4,2.2,3.3,3.25,2.3,3.4,3.5,2.3,3.45,3.5,2.16,3.25,3.21,2.05,1.75,1.98,1.83,2.1,1.86,2,1.78,-0.25,1.77,2.02,1.89,1.93,1.95,2.02,1.89,1.93,2.05,3.4,3.5,2.05,3.3,3.3,2,3.25,3.35,2.05,3.58,3.68,2.15,3.4,3.3,2.2,3.4,3.5,2.2,3.58,3.68,2.04,3.36,3.41,2,1.8,1.95,1.92,2,1.95,1.93,1.85,-0.25,1.77,2.02,1.77,2.13,1.88,2.13,1.8,2.03
Main,England,Conference,2019/2020,24/09/2019,19:45,Aldershot,Yeovil,1,3,A,1,2,A,L Collins,1,3,0,0,2.7,3.3,2.55,2.65,3.1,2.55,2.7,3.05,2.5,2.96,3.13,2.62,2.75,3.2,2.55,2.9,3.3,2.7,2.96,3.3,2.7,2.74,3.12,2.53,2.15,1.66,2.15,1.71,2.21,1.74,2.12,1.68,0,1.98,1.83,2.05,1.81,2.06,1.88,1.99,1.82,2.6,3.3,2.7,2.65,3.1,2.55,2.5,3.1,2.65,2.67,3.22,2.81,2.62,3.2,2.7,2.75,3.3,2.8,2.75,3.3,2.83,2.58,3.15,2.67,2.05,1.75,2.08,1.79,2.1,1.83,2.03,1.75,0,1.88,1.93,1.89,1.99,1.94,2.01,1.87,1.95
Main,England,Conference,2019/2020,24/09/2019,19:45,Boreham Wood,Notts County,1,2,A,0,1,A,S Yianni,1,3,0,0,2.25,3.4,3.1,2.3,3.3,2.8,2.3,3.2,2.85,2.32,3.5,3.09,2.3,3.4,3,2.55,3.4,3,2.55,3.5,3.1,2.3,3.33,2.91,1.95,1.85,1.95,1.88,1.99,1.94,1.92,1.85,-0.25,999,999,2,1.86,2.09,1.87,2.01,1.81,2.2,3.4,3.2,2.2,3.3,3,2.2,3.2,3,2.31,3.44,3.17,2.25,3.3,3.2,2.3,3.4,3.3,2.38,3.44,3.3,2.24,3.28,3.04,2.07,1.72,2.03,1.83,2.07,1.87,1.99,1.79,-0.25,999,999,1.99,1.88,2.02,1.91,1.96,1.86
Main,England,Conference,2019/2020,24/09/2019,19:45,Bromley,Woking,1,0,H,1,0,H,M Russell,1,0,0,0,2.1,3.6,3.2,2,3.3,3.5,2.05,3.35,3.2,2.13,3.45,3.56,2.05,3.5,3.4,2.15,3.6,3.5,2.15,3.6,3.56,2.08,3.39,3.31,1.8,2,1.85,1.98,1.9,2.06,1.81,1.96,-0.25,999,999,1.83,2.04,1.88,2.1,1.81,2.01,1.85,3.6,4,1.9,3.25,3.9,1.85,3.4,3.85,1.91,3.87,3.88,1.88,3.7,3.75,1.95,3.75,4.2,2.02,3.91,4.2,1.87,3.57,3.79,1.8,2,1.83,2.03,2,2.04,1.87,1.9,-0.5,1.88,1.93,1.91,1.97,2.03,2.04,1.88,1.93
Main,England,Conference,2019/2020,24/09/2019,19:45,Chorley,Barrow,1,3,A,1,2,A,M Woods,3,2,0,0,2.75,3.6,2.37,2.65,3.5,2.35,2.7,3.2,2.4,2.96,3.49,2.41,2.8,3.4,2.4,2.88,3.6,2.6,2.96,3.6,2.6,2.73,3.36,2.41,1.95,1.85,1.94,1.88,2.04,1.96,1.92,1.84,0,2,1.8,2.15,1.74,2.15,1.86,2.02,1.81,3,3.6,2.2,2.65,3.5,2.35,2.85,3.2,2.3,3.03,3.37,2.42,3,3.3,2.35,3.13,3.5,2.45,3.13,3.6,2.45,2.87,3.32,2.33,1.95,1.85,1.94,1.93,2.04,1.96,1.92,1.85,0.25,999,999,1.8,2.08,1.84,2.08,1.79,2.03
Main,England,Conference,2019/2020,24/09/2019,19:45,Ebbsfleet,Barnet,3,0,H,2,0,H,A Dale,1,0,0,0,2.75,3.5,2.4,2.75,3.4,2.3,2.7,3.25,2.4,2.71,3.74,2.48,2.8,3.4,2.4,2.9,3.5,2.5,2.9,3.74,2.5,2.74,3.42,2.37,1.85,1.95,1.83,2,1.92,2.05,1.84,1.93,0.25,1.7,2.1,1.74,2.16,1.8,2.2,1.73,2.09,2.75,3.5,2.4,2.75,3.4,2.3,2.7,3.25,2.35,2.73,3.57,2.54,2.75,3.4,2.45,2.88,3.5,2.55,2.88,3.59,2.55,2.71,3.4,2.4,1.9,1.9,1.98,1.88,1.98,1.96,1.89,1.88,0.25,1.73,2.08,1.72,2.2,1.81,2.2,1.74,2.1
Main,England,Conference,2019/2020,24/09/2019,19:45,Fylde,Wrexham,3,2,H,1,2,A,P Howard,1,1,0,0,2.05,3.4,3.5,2,3.4,3.4,2.05,3.25,3.35,2.13,3.52,3.48,2.05,3.4,3.5,2.2,3.5,3.6,2.2,3.58,3.6,2.06,3.37,3.37,2,1.8,1.92,1.92,2.01,1.94,1.93,1.84,-0.25,1.8,2,1.83,2.03,1.87,2.13,1.81,2.01,2.25,3.3,3.25,2.15,3.25,3.2,2.15,3.2,3.1,2.25,3.42,3.3,2.2,3.4,3.2,2.3,3.5,3.3,2.3,3.5,3.35,2.16,3.3,3.18,2,1.8,1.97,1.89,2.01,1.9,1.95,1.82,-0.25,1.93,1.88,1.94,1.94,2,2,1.9,1.92
Main,England,Conference,2019/2020,24/09/2019,19:45,Halifax,Harrogate,0,1,A,0,0,D,S Mather,1,1,0,0,2.3,3.5,3,2.2,3.4,2.95,2.25,3.25,2.9,2.31,3.6,3.04,2.3,3.4,3,2.38,3.5,3.13,2.38,3.6,3.13,2.25,3.39,2.95,1.85,1.95,1.85,1.98,1.96,2,1.85,1.92,-0.25,1.98,1.83,2.01,1.85,2.12,1.87,1.98,1.83,2.5,3.4,2.7,2.3,3.4,2.75,2.35,3.25,2.7,2.44,3.5,2.91,2.38,3.4,2.88,2.55,3.5,2.9,2.55,3.52,3,2.36,3.35,2.79,1.85,1.95,1.87,2,1.9,2.01,1.85,1.93,-0.25,2.05,1.75,2.11,1.78,2.16,1.85,2.07,1.76
Main,England,Conference,2019/2020,24/09/2019,19:45,Hartlepool,Chesterfield,1,1,D,1,1,D,S Barrott,2,0,0,0,2.3,3.5,2.9,2.3,3.4,2.8,2.3,3.3,2.8,2.47,3.37,2.96,2.35,3.4,2.9,2.45,3.5,3,2.47,3.52,3,2.34,3.34,2.85,1.8,2,1.85,1.97,1.89,2.07,1.81,1.96,-0.25,2.02,1.77,2.11,1.76,2.11,1.83,2.04,1.78,2.3,3.5,2.9,2.3,3.4,2.8,2.25,3.3,2.85,2.3,3.51,3.12,2.3,3.4,3,2.4,3.5,3.13,2.4,3.56,3.13,2.26,3.38,2.93,1.8,2,1.78,2.09,1.86,2.09,1.78,2,-0.25,1.98,1.83,2,1.88,2.03,1.92,1.98,1.83
Main,England,Conference,2019/2020,24/09/2019,19:45,Maidenhead,Dover Athletic,1,2,A,0,1,A,G Parsons,2,2,0,0,2.87,3.4,2.4,2.65,3.2,2.5,2.8,3.2,2.35,3.04,3.55,2.33,3,3.3,2.35,3.1,3.4,2.45,3.1,3.55,2.5,2.86,3.29,2.36,1.95,1.85,1.95,1.88,2,1.91,1.93,1.84,0.25,999,999,1.84,2.02,1.87,2.1,1.78,2.03,3.4,3.4,2.1,2.9,3.2,2.3,3.05,3.25,2.15,3.15,3.6,2.25,3.1,3.5,2.2,3.3,3.4,2.3,3.4,3.6,2.33,3.07,3.33,2.21,1.85,1.95,1.88,1.98,1.98,1.99,1.89,1.89,0.25,999,999,1.92,1.96,1.92,2.01,1.88,1.94
Main,England,Conference,2019/2020,24/09/2019,19:45,Solihull,Stockport,2,0,H,0,0,D,G Rhodes,0,1,0,1,1.7,3.75,4.75,1.7,3.75,4.33,1.7,3.6,4.3,1.74,3.9,4.74,1.73,3.7,4.6,1.75,3.8,5,1.8,3.9,5,1.71,3.74,4.43,1.75,2.05,1.75,2.08,1.8,2.13,1.75,2.03,-0.75,1.93,1.88,1.97,1.89,2,1.95,1.93,1.89,1.61,3.8,5.5,1.6,3.8,5,1.6,3.7,4.95,1.63,4.09,5.31,1.63,3.9,5.25,1.67,3.9,5.75,1.73,4.1,5.75,1.63,3.81,4.95,1.9,1.9,1.92,1.95,2.02,2.01,1.88,1.89,-0.75,1.77,2.02,1.83,2.05,1.96,2.07,1.83,1.99
Main,England,Conference,2019/2020,24/09/2019,19:45,Sutton,Dag and Red,0,2,A,0,2,A,C Brook,0,0,0,0,2.62,3.4,2.62,2.45,3.2,2.7,2.5,3.15,2.6,2.82,3.38,2.57,2.7,3.3,2.55,2.75,3.4,2.75,2.82,3.4,2.75,2.61,3.25,2.58,2,1.8,1.98,1.85,2.03,1.88,1.97,1.8,0,1.98,1.83,2.02,1.84,2.07,1.94,1.94,1.87,2.7,3.4,2.55,2.65,3.2,2.5,2.7,3.15,2.45,2.85,3.23,2.63,2.75,3.3,2.5,2.9,3.4,2.63,2.9,3.42,2.66,2.7,3.22,2.5,2,1.8,2.03,1.83,2.04,1.88,1.97,1.81,0,1.98,1.83,2.02,1.86,2.1,1.89,2,1.82
Main,England,Conference,2019/2020,24/09/2019,19:45,Torquay,Eastleigh,2,3,A,1,0,H,J Durkin,1,1,0,0,2,3.6,3.5,1.95,3.5,3.4,1.95,3.4,3.4,2.05,3.76,3.49,2.05,3.6,3.4,2.1,3.6,3.6,2.1,3.76,3.6,2.01,3.51,3.37,1.8,2,1.77,2.07,1.82,2.1,1.76,2.01,-0.5,2,1.8,2.04,1.82,2.09,1.85,2.03,1.79,2,3.6,3.5,1.95,3.5,3.4,1.95,3.4,3.35,2.05,3.76,3.5,2.05,3.6,3.4,2.1,3.6,3.7,2.1,3.76,3.75,2,3.51,3.39,1.8,2,1.78,2.09,1.82,2.1,1.76,2.02,-0.5,2,1.8,2.05,1.83,2.08,1.84,2.02,1.8
Main,England,Conference,2019/2020,28/09/2019,15:00,Barnet,Solihull,0,0,D,0,0,D,R Hulme,1,0,0,0,2.6,3.4,2.6,2.45,3.25,2.65,2.55,3.15,2.55,2.73,3.37,2.65,2.7,3.3,2.55,2.6,3.3,2.6,2.73,3.4,2.65,2.58,3.26,2.57,2,1.8,2.04,1.77,2.08,1.86,1.97,1.8,0,1.85,1.95,1.94,1.88,1.97,1.95,1.91,1.89,3.3,3.4,2.15,2.95,3.25,2.25,2.9,3.1,2.3,3.24,3.32,2.32,2.7,3.3,2.55,3.13,3.25,2.25,3.3,3.4,2.41,3.06,3.23,2.26,2.1,1.7,2.13,1.75,2.2,1.78,2.07,1.72,0.25,1.92,1.87,1.88,2,1.92,2.05,1.85,1.96
Main,England,Conference,2019/2020,28/09/2019,15:00,Barrow,Maidenhead,2,0,H,1,0,H,B Speedie,0,4,0,0,2.3,3.4,2.9,2.2,3.3,2.85,2.05,3.3,3.25,2.15,3.69,3.28,2.35,3.4,2.88,2.15,3.4,3.25,2.3,3.69,3.36,2.12,3.42,3.14,1.9,1.9,1.88,1.93,1.93,1.96,1.88,1.89,-0.25,2.02,1.77,1.85,1.98,2.02,2.02,1.85,1.96,1.7,3.8,4.75,1.65,4,4.33,1.75,3.5,4.05,1.7,4.19,4.63,2.35,3.4,2.88,1.67,3.75,5,1.8,4.19,5,1.72,3.83,4.3,1.85,1.95,1.85,2.02,1.92,2.02,1.86,1.93,-0.75,1.87,1.92,1.93,1.96,2.03,1.96,1.93,1.89
Main,England,Conference,2019/2020,28/09/2019,15:00,Chesterfield,Aldershot,2,1,H,1,1,D,T Parsons,2,0,0,0,1.75,3.6,4.6,1.78,3.5,4.2,1.8,3.4,4.1,1.88,3.49,4.52,1.88,3.5,4,1.83,3.5,4.2,1.94,3.6,4.6,1.82,3.45,4.11,2,1.8,2.01,1.81,2.05,1.87,1.97,1.8,-0.75,2.08,1.73,2.14,1.71,2.2,1.75,2.11,1.73,1.83,3.5,4.2,1.78,3.5,4.2,1.8,3.35,4,1.93,3.51,4.26,1.88,3.5,4,1.93,3.4,3.9,1.95,3.6,4.26,1.86,3.42,4.01,2,1.8,1.98,1.88,2.03,1.89,1.96,1.82,-0.5,1.85,1.95,1.93,1.96,1.97,1.96,1.89,1.92
Main,England,Conference,2019/2020,28/09/2019,15:00,Dag and Red,Chorley,0,0,D,0,0,D,J Durkin,0,2,1,0,1.65,3.5,5.75,1.62,3.7,5,1.7,3.5,4.6,1.72,3.79,4.99,1.7,3.7,4.8,1.7,3.6,5,1.77,3.79,5.75,1.69,3.58,4.72,1.8,2,1.98,1.83,2.02,2,1.96,1.81,-0.75,1.88,1.93,1.93,1.9,1.98,1.95,1.92,1.88,1.72,3.4,5.25,1.75,3.5,4.33,1.8,3.35,4.1,1.79,3.66,4.72,1.7,3.7,4.8,1.83,3.5,4.2,1.85,3.82,5.25,1.79,3.51,4.27,1.8,2,1.97,1.89,2.01,2,1.95,1.83,-0.75,1.98,1.83,2.05,1.83,2.13,1.83,2.04,1.79
Main,England,Conference,2019/2020,28/09/2019,15:00,Eastleigh,Hartlepool,1,1,D,0,1,A,L Wood,2,1,0,0,2.3,3.5,3,2.2,3.3,3,2.25,3.25,2.9,2.44,3.43,2.95,2.35,3.4,2.9,2.3,3.4,2.9,2.44,3.5,3,2.29,3.32,2.89,1.9,1.9,1.95,1.86,1.99,1.95,1.9,1.87,-0.25,2,1.8,2.08,1.76,2.08,1.85,2.01,1.8,2.3,3.5,3,2.3,3.2,2.95,2.25,3.1,3,2.3,3.43,3.2,2.35,3.4,2.9,2.3,3.25,3.1,2.38,3.5,3.2,2.26,3.24,3.04,2.1,1.7,2.04,1.83,2.16,1.83,2.08,1.72,-0.25,2,1.8,1.99,1.89,2.02,1.92,1.97,1.85
Main,England,Conference,2019/2020,28/09/2019,15:00,Harrogate,Sutton,2,0,H,1,0,H,M Woods,1,0,0,0,2.1,3.4,3.4,2,3.4,3.4,2,3.3,3.35,2.06,3.43,3.8,2.1,3.4,3.4,2.1,3.4,3.3,2.14,3.5,3.8,2.04,3.35,3.41,1.95,1.85,1.98,1.83,2.02,1.91,1.93,1.84,-0.25,1.8,2,1.75,2.1,1.87,2.14,1.76,2.04,1.8,3.6,4.33,1.85,3.5,3.8,1.8,3.4,3.95,1.97,3.63,3.89,2.1,3.4,3.4,1.9,3.5,3.9,1.99,3.63,4.33,1.88,3.47,3.83,2,1.8,1.99,1.88,2.02,1.9,1.96,1.82,-0.5,1.93,1.88,1.97,1.91,1.97,1.95,1.91,1.91
Main,England,Conference,2019/2020,28/09/2019,15:00,Notts County,Fylde,2,0,H,1,0,H,P Gibbons,0,2,0,0,2.05,3.4,3.5,2.05,3.3,3.3,2.1,3.2,3.25,2.24,3.37,3.37,2.2,3.3,3.25,2.1,3.4,3.3,2.24,3.55,3.5,2.11,3.31,3.28,1.95,1.85,1.85,1.97,1.99,1.97,1.91,1.86,-0.25,1.83,1.98,1.91,1.93,1.91,2.03,1.84,1.97,2.1,3.4,3.4,2.05,3.3,3.3,2.05,3.2,3.25,2.18,3.38,3.49,2.2,3.3,3.25,2.15,3.3,3.3,2.18,3.5,3.49,2.1,3.3,3.31,2,1.8,1.93,1.94,2.03,1.94,1.93,1.84,-0.25,1.83,1.98,1.88,2,1.88,2.04,1.84,1.98
Main,England,Conference,2019/2020,28/09/2019,15:00,Stockport,Torquay,0,4,A,0,4,A,J Bell,1,1,0,0,2.55,3.4,2.62,2.35,3.3,2.75,2.45,3.1,2.7,2.56,3.32,2.87,2.5,3.4,2.7,2.5,3.2,2.8,2.56,3.45,2.87,2.47,3.21,2.73,1.9,1.9,2.07,1.75,2.15,1.9,2.03,1.76,0,1.82,1.97,1.81,2.03,1.85,2.08,1.81,2,2.55,3.4,2.62,2.5,3.25,2.6,2.55,3.15,2.55,2.72,3.35,2.68,2.5,3.4,2.7,2.7,3.3,2.55,2.72,3.4,2.7,2.59,3.24,2.59,1.9,1.9,2.04,1.82,2.05,1.9,1.98,1.8,0,1.82,1.97,1.95,1.93,2.01,1.97,1.92,1.91
Main,England,Conference,2019/2020,28/09/2019,15:00,Woking,Boreham Wood,1,2,A,1,1,D,A Dale,1,2,0,1,2.05,3.6,3.4,2.1,3.2,3.3,2.1,3.25,3.2,2.26,3.31,3.39,2.15,3.4,3.25,2.1,3.4,3.3,2.26,3.6,3.4,2.14,3.3,3.22,1.95,1.85,1.97,1.84,2.01,1.89,1.94,1.83,-0.25,1.85,1.95,1.92,1.92,1.93,2,1.87,1.93,2.4,3.4,2.8,2.3,3.1,3,2.05,3.1,3.4,2.59,3.16,2.96,2.15,3.4,3.25,2.4,3.2,2.9,2.59,3.4,3.4,2.34,3.15,2.99,2.2,1.65,2.17,1.72,2.21,1.76,2.12,1.69,-0.25,2.08,1.73,2.2,1.72,2.2,1.98,2.05,1.79
Main,England,Conference,2019/2020,28/09/2019,15:00,Wrexham,Ebbsfleet,1,0,H,0,0,D,A Kitchen,2,1,0,0,1.75,3.5,4.75,1.78,3.5,4.1,1.75,3.5,4.1,1.85,3.58,4.55,1.83,3.6,4.2,1.75,3.6,4.4,1.86,3.65,4.8,1.78,3.5,4.22,1.85,1.95,1.88,1.93,1.95,1.99,1.87,1.9,-0.75,2,1.8,2.09,1.75,2.09,1.84,2.03,1.79,1.75,3.5,4.75,1.78,3.5,4.1,1.8,3.45,4.05,1.78,3.85,4.52,1.83,3.6,4.2,1.8,3.6,4.2,1.87,3.85,4.75,1.78,3.57,4.2,1.8,2,1.87,1.99,1.95,2.01,1.85,1.93,-0.75,2.02,1.77,2.05,1.83,2.1,1.88,2.03,1.8
Main,England,Conference,2019/2020,28/09/2019,15:00,Yeovil,Bromley,3,1,H,1,1,D,A Jackson,5,3,0,0,2.6,3.3,2.7,2.55,3.2,2.6,2.5,3.2,2.6,2.69,3.34,2.71,2.62,3.3,2.6,2.55,3.3,2.7,2.69,3.46,2.71,2.53,3.26,2.63,1.9,1.9,1.94,1.87,1.95,1.94,1.89,1.87,0,1.82,1.97,1.91,1.93,1.93,2,1.86,1.94,2.3,3.4,3,2.4,3.2,2.75,2.35,3.2,2.75,2.51,3.36,2.91,2.62,3.3,2.6,2.4,3.4,2.8,2.51,3.46,3,2.39,3.28,2.8,1.95,1.85,1.95,1.92,1.97,1.92,1.91,1.87,-0.25,2.07,1.72,2.15,1.75,2.15,1.81,2.1,1.74
Main,England,Conference,2019/2020,28/09/2019,17:20,Dover Athletic,Halifax,0,2,A,0,1,A,D Middleton,3,1,0,0,1.95,3.5,3.75,2,3.25,3.6,2,3.3,3.45,2.12,3.28,3.78,1.95,3.5,3.75,1.95,3.5,3.7,2.12,3.58,3.8,2,3.31,3.57,1.95,1.85,1.95,1.86,1.99,1.91,1.91,1.86,-0.25,1.73,2.08,1.69,2.17,1.8,2.18,1.74,2.1,1.9,3.5,4,2,3.25,3.6,1.9,3.35,3.65,2.07,3.65,3.53,1.95,3.5,3.75,2,3.4,3.6,2.07,3.65,4,1.95,3.41,3.64,1.95,1.85,1.93,1.94,1.98,1.94,1.9,1.87,-0.25,1.7,2.1,1.8,2.09,1.8,2.24,1.71,2.14
Main,England,Conference,2019/2020,01/10/2019,19:45,Fylde,Barnet,0,4,A,0,1,A,A Jackson,2,1,0,0,2,3.5,3.6,1.95,3.4,3.5,2.05,3.25,3.35,2.12,3.37,3.69,2.05,3.4,3.5,2.15,3.5,3.75,2.15,3.55,3.75,2.04,3.35,3.45,2,1.8,1.98,1.85,2.05,1.89,1.95,1.82,-0.25,1.77,2.02,1.81,2.06,1.83,2.13,1.78,2.04,2,3.5,3.6,1.95,3.4,3.5,2.05,3.25,3.35,2.12,3.34,3.72,2.05,3.4,3.5,2.15,3.5,3.75,2.15,3.56,3.75,2.03,3.34,3.45,1.95,1.85,1.97,1.89,2,1.92,1.92,1.85,-0.25,1.77,2.02,1.81,2.07,1.83,2.13,1.78,2.04
Main,England,Conference,2019/2020,01/10/2019,19:45,Solihull,Wrexham,3,1,H,2,0,H,E Swallow,1,1,0,0,1.9,3.6,3.8,1.9,3.3,3.8,1.9,3.3,3.7,1.97,3.54,4.02,1.91,3.5,3.9,2,3.6,4.1,2,3.62,4.1,1.92,3.4,3.77,2,1.8,1.97,1.85,2.01,1.89,1.95,1.82,-0.5,1.93,1.88,1.96,1.9,1.99,1.95,1.93,1.89,2,3.6,3.6,1.91,3.3,3.8,1.95,3.2,3.7,2.09,3.31,3.83,2,3.3,3.75,2.1,3.5,4,2.1,3.6,4,1.99,3.26,3.68,2.1,1.7,2.22,1.69,2.25,1.72,2.14,1.67,-0.5,2,1.8,2.09,1.79,2.09,1.85,2,1.81
Main,England,Conference,2019/2020,05/10/2019,15:00,Boreham Wood,Solihull,1,0,H,0,0,D,G Parsons,3,1,0,0,2.9,3.3,2.25,2.9,3.25,2.3,3,3.15,2.25,3.13,3.28,2.4,3,3.25,2.35,3.13,3.3,2.45,3.13,3.32,2.45,3,3.2,2.29,2.05,1.75,2.11,1.72,2.16,1.84,2.05,1.74,0.25,1.8,2,1.8,2.03,1.85,2.06,1.81,1.99,2.55,3.25,2.55,2.55,3.1,2.7,2.75,3.15,2.4,2.76,3.29,2.68,3,3.25,2.35,2.8,3.3,2.75,2.85,3.36,2.75,2.63,3.21,2.57,2.05,1.75,2.14,1.74,2.16,1.83,2.02,1.76,0,1.95,1.85,1.97,1.91,2.06,1.98,1.95,1.87
Main,England,Conference,2019/2020,05/10/2019,15:00,Bromley,Barrow,1,2,A,0,1,A,T Reeves,1,2,0,0,2,3.4,3.3,1.95,3.4,3.5,2,3.35,3.3,2.08,3.66,3.5,2.05,3.5,3.4,2.1,3.5,3.7,2.1,3.66,3.7,2.02,3.45,3.35,1.85,1.95,1.85,1.96,1.9,2,1.83,1.93,-0.5,2.02,1.77,2.05,1.78,2.1,1.84,2.03,1.79,2.5,3.4,2.55,2.25,3.3,2.9,2.4,3.3,2.65,2.55,3.37,2.85,2.05,3.5,3.4,2.63,3.5,2.88,2.63,3.52,2.95,2.44,3.32,2.71,1.85,1.95,1.83,2.03,1.89,2.07,1.81,1.97,-0.25,2.1,1.7,2.19,1.72,2.2,1.84,2.11,1.73
Main,England,Conference,2019/2020,05/10/2019,15:00,Chesterfield,Eastleigh,1,2,A,1,1,D,S Mather,1,2,0,0,2,3.3,3.4,2.15,3.2,3.2,2.05,3.25,3.25,2.29,3.29,3.35,2.15,3.4,3.3,2.25,3.4,3.5,2.29,3.5,3.5,2.14,3.28,3.25,1.95,1.85,1.92,1.9,1.98,1.92,1.93,1.84,-0.25,1.85,1.95,1.93,1.89,1.95,2,1.86,1.95,2.3,3.2,2.87,2.15,3.2,3.2,2.2,3.2,3,2.32,3.37,3.21,2.15,3.4,3.3,2.4,3.3,3.2,2.4,3.45,3.21,2.27,3.24,3.02,1.95,1.85,1.93,1.93,1.99,1.94,1.91,1.86,-0.25,2,1.8,2,1.88,2.05,1.88,1.99,1.83
Main,England,Conference,2019/2020,05/10/2019,15:00,Chorley,Aldershot,0,0,D,0,0,D,K Evans,0,0,0,0,2.2,3.1,3.2,2.25,3.2,3,2.25,3.1,2.95,2.45,3.42,2.95,2.3,3.2,3.1,2.45,3.3,3.2,2.45,3.42,3.2,2.32,3.21,2.95,2.07,1.72,2.12,1.71,2.16,1.78,2.06,1.73,-0.25,1.98,1.83,2.08,1.76,2.08,1.85,2.01,1.8,2.37,3.1,2.87,2.25,3.2,3,2.35,3.15,2.8,2.48,3.4,2.92,2.3,3.2,3.1,2.55,3.3,3,2.55,3.4,3,2.39,3.23,2.84,2.05,1.75,2.06,1.8,2.1,1.81,2.02,1.75,0,1.75,2.05,1.78,2.11,1.82,2.17,1.76,2.07
Main,England,Conference,2019/2020,05/10/2019,15:00,Dag and Red,Barnet,1,1,D,1,1,D,P Howard,0,1,0,0,2.25,3.25,2.87,2.25,3.25,3,2.3,3.15,2.9,2.4,3.35,3.08,2.38,3.2,3,2.45,3.25,3.13,2.45,3.35,3.13,2.32,3.19,2.95,2.05,1.75,2.08,1.75,2.13,1.79,2.05,1.73,-0.25,2.02,1.77,2.04,1.79,2.06,1.86,2.03,1.78,2.4,3.3,2.7,2.35,3.2,2.85,2.4,3.25,2.65,2.47,3.44,2.9,2.38,3.2,3,2.6,3.4,2.9,2.6,3.62,2.91,2.42,3.3,2.74,2,1.8,1.98,1.88,2,1.97,1.91,1.85,-0.25,2.1,1.7,2.13,1.76,2.2,1.85,2.13,1.72
Main,England,Conference,2019/2020,05/10/2019,15:00,Dover Athletic,Notts County,2,2,D,1,1,D,A Dale,1,1,0,0,2.15,3.5,2.87,2.15,3.4,3,2.15,3.35,3,2.3,3.59,3.07,2.3,3.3,3.1,2.4,3.5,3.13,2.4,3.59,3.13,2.21,3.38,2.99,1.95,1.85,1.94,1.87,1.99,1.91,1.92,1.84,-0.25,1.95,1.85,1.97,1.85,2.01,1.95,1.95,1.86,2.25,3.5,3,2.25,3.4,2.85,2.15,3.3,2.95,2.25,3.82,2.99,2.3,3.3,3.1,2.4,3.5,3.25,2.4,3.82,3.28,2.19,3.44,3,1.95,1.85,1.95,1.92,1.99,1.92,1.92,1.85,-0.25,1.98,1.83,1.98,1.9,2.04,1.98,1.95,1.87
Main,England,Conference,2019/2020,05/10/2019,15:00,Hartlepool,Yeovil,2,1,H,0,0,D,S Copeland,0,2,0,0,2.55,3.3,2.6,2.55,3.3,2.55,2.5,3.35,2.5,2.67,3.63,2.57,2.7,3.4,2.5,2.75,3.5,2.6,2.75,3.63,2.61,2.58,3.37,2.51,1.85,1.95,1.93,1.88,1.95,1.97,1.87,1.9,0,1.85,1.95,1.95,1.88,2,1.95,1.94,1.86,2.6,3.25,2.5,2.55,3.3,2.55,2.5,3.35,2.5,2.66,3.63,2.57,2.7,3.4,2.5,2.8,3.5,2.6,2.8,3.63,2.6,2.62,3.4,2.47,1.85,1.95,1.92,1.95,1.94,2.01,1.85,1.92,0,1.93,1.88,1.97,1.91,2.06,1.94,1.96,1.86
Main,England,Conference,2019/2020,05/10/2019,15:00,Maidenhead,Halifax,0,1,A,0,1,A,C Brook,3,1,0,0,2.6,3.2,2.5,2.8,2.8,2.65,2.7,3.05,2.5,2.97,3.03,2.67,2.88,3.1,2.55,2.9,3.2,2.63,2.97,3.24,2.67,2.78,3.02,2.54,2.05,1.75,2.09,1.73,2.12,1.81,2.04,1.74,0,1.98,1.83,2.02,1.81,2.06,1.86,1.99,1.82,2.87,3.25,2.3,2.85,3.1,2.4,2.75,3.1,2.45,2.9,3.56,2.41,2.88,3.1,2.55,3,3.3,2.5,3.1,3.56,2.5,2.86,3.21,2.37,2,1.8,1.97,1.9,2.07,1.91,1.99,1.79,0,2.08,1.73,2.13,1.76,2.19,1.88,2.08,1.75
Main,England,Conference,2019/2020,05/10/2019,15:00,Sutton,Stockport,0,0,D,0,0,D,L Wood,1,2,0,0,2.25,3.2,3,2.3,3.25,2.9,2.25,3.2,2.9,2.32,3.56,3.04,2.35,3.4,2.88,2.45,3.4,3,2.45,3.56,3.04,2.32,3.28,2.89,1.95,1.85,1.94,1.88,1.98,1.93,1.92,1.84,-0.25,2.02,1.77,1.99,1.83,2.08,1.87,2.02,1.79,2.15,3.2,3.2,2.3,3.25,2.9,2.25,3.15,2.9,2.2,3.48,3.36,2.35,3.4,2.88,2.3,3.3,3.3,2.35,3.48,3.36,2.22,3.26,3.09,2,1.8,2.03,1.83,2.07,1.86,1.98,1.79,-0.25,1.93,1.88,1.9,1.98,2.05,1.98,1.94,1.88
Main,England,Conference,2019/2020,05/10/2019,15:00,Torquay,Fylde,2,1,H,1,0,H,S Allison,2,4,0,0,2.15,3.5,3.2,2.15,3.4,3,2.05,3.45,3.1,2.14,3.54,3.44,2.1,3.6,3.2,2.2,3.6,3.3,2.2,3.74,3.44,2.09,3.47,3.16,1.65,2.2,1.66,2.21,1.7,2.3,1.64,2.19,-0.25,1.83,1.98,1.83,2,1.88,2.02,1.83,1.97,2.15,3.5,3.2,2.15,3.4,3,2.1,3.45,3,2.21,3.57,3.25,2.1,3.6,3.2,2.25,3.5,3.25,2.25,3.74,3.25,2.14,3.46,3.07,1.61,2.25,1.63,2.33,1.67,2.34,1.63,2.22,-0.25,1.9,1.9,1.93,1.96,1.95,1.97,1.88,1.93
Main,England,Conference,2019/2020,05/10/2019,15:00,Woking,Wrexham,1,1,D,0,0,D,P Gibbons,1,2,0,0,2.3,3.2,3,2.3,3.3,2.85,2.25,3.25,2.9,2.35,3.45,3.08,2.35,3.4,2.9,2.45,3.4,3,2.45,3.5,3.1,2.29,3.29,2.91,1.85,1.95,1.89,1.93,1.93,1.97,1.86,1.9,-0.25,2.02,1.77,2,1.83,2.07,1.87,2.01,1.8,2.45,3.2,2.87,2.45,3.25,2.7,2.4,3.2,2.7,2.43,3.34,3.03,2.35,3.4,2.9,2.45,3.3,2.9,2.45,3.5,3.03,2.38,3.27,2.81,1.85,1.95,1.89,1.97,1.92,1.98,1.85,1.91,-0.25,2.08,1.73,2.09,1.8,2.2,1.82,2.08,1.75
Main,England,Conference,2019/2020,05/10/2019,17:20,Harrogate,Ebbsfleet,2,0,H,1,0,H,D Richardson,0,1,0,0,1.85,3.6,3.6,1.85,3.6,3.7,1.85,3.55,3.65,1.85,3.82,4.2,1.88,3.7,3.75,1.91,3.7,4.2,1.93,3.82,4.2,1.85,3.59,3.78,1.75,2.05,1.72,2.11,1.79,2.15,1.73,2.06,-0.5,1.85,1.95,1.82,2.01,1.89,2.01,1.85,1.95,1.8,3.6,3.75,1.75,3.7,4,1.75,3.6,3.95,1.79,4.06,4.18,1.88,3.7,3.75,1.85,3.8,4.2,1.87,4.06,4.2,1.79,3.73,3.91,1.72,2.07,1.68,2.24,1.78,2.25,1.69,2.12,-0.5,1.77,2.02,1.79,2.09,1.87,2.09,1.79,2.02
Main,England,Conference,2019/2020,08/10/2019,19:45,Aldershot,Dover Athletic,4,0,H,2,0,H,S Jackson,0,1,0,0,3.25,3.3,2.1,3.2,3.3,2.1,3.2,3.15,2.1,3.44,3.22,2.28,3.2,3.4,2.2,3.4,3.4,2.3,3.44,3.5,2.3,3.23,3.25,2.17,2.07,1.72,2.08,1.76,2.14,1.79,2.05,1.74,0.25,1.9,1.9,1.93,1.94,1.98,1.96,1.92,1.89,3.4,3.3,2.05,3.2,3.3,2.1,3.25,3.2,2.1,3.44,3.38,2.2,3.4,3.4,2.1,3.5,3.4,2.25,3.5,3.56,2.25,3.29,3.3,2.11,2,1.8,2.01,1.85,2.08,1.86,2.01,1.77,0.25,1.95,1.85,1.98,1.9,2.01,1.92,1.96,1.85
Main,England,Conference,2019/2020,08/10/2019,19:45,Barnet,Bromley,1,2,A,1,1,D,A Quelch,2,0,0,0,2.5,3.25,2.8,2.4,3.2,2.8,2.45,3.05,2.7,2.66,3.08,2.94,2.6,3.1,2.8,2.7,3.25,2.9,2.7,3.25,2.94,2.51,3.12,2.79,2.1,1.7,2.16,1.7,2.31,1.76,2.11,1.7,0,1.83,1.98,1.83,2.03,1.89,2.06,1.82,2,2.45,3.25,2.9,2.5,3.2,2.65,2.4,3.05,2.8,2.57,3.19,2.97,2.55,3.1,2.88,2.63,3.25,3,2.63,3.3,3,2.46,3.13,2.82,2.1,1.7,2.11,1.77,2.19,1.78,2.09,1.71,0,1.77,2.02,1.8,2.09,1.84,2.1,1.79,2.04
Main,England,Conference,2019/2020,08/10/2019,19:45,Barrow,Boreham Wood,3,1,H,2,1,H,D Richardson,2,2,0,0,1.95,3.5,3.4,2,3.4,3.4,2.05,3.3,3.25,2.11,3.36,3.72,2.05,3.4,3.5,2.1,3.5,3.8,2.11,3.5,3.8,2.03,3.35,3.46,1.85,1.95,1.91,1.93,1.96,1.98,1.88,1.9,-0.5,2.02,1.77,2.1,1.78,2.1,1.87,2.04,1.78,1.95,3.4,3.5,2,3.4,3.4,2.1,3.3,3.1,2.12,3.46,3.58,2.1,3.3,3.5,2.15,3.4,3.6,2.16,3.48,3.6,2.07,3.34,3.33,1.85,1.95,1.86,2,1.95,2,1.86,1.9,-0.25,1.77,2.02,1.83,2.05,1.85,2.07,1.81,2.01
Main,England,Conference,2019/2020,08/10/2019,19:45,Eastleigh,Maidenhead,2,1,H,1,1,D,S Yianni,2,3,0,0,1.85,3.4,3.8,1.83,3.4,4,1.9,3.25,3.85,1.96,3.36,4.35,1.95,3.3,4,2,3.4,4.33,2,3.4,4.35,1.91,3.32,3.95,2.15,1.66,2.2,1.68,2.24,1.72,2.15,1.67,-0.5,1.93,1.88,1.95,1.92,1.97,1.96,1.92,1.9,1.72,3.5,4.33,1.83,3.4,4,1.75,3.35,4.3,1.78,3.59,4.92,1.83,3.5,4.33,1.83,3.5,5,1.87,3.59,5,1.78,3.45,4.36,2.05,1.75,2.02,1.85,2.16,1.85,2.05,1.74,-0.5,1.8,2,1.78,2.11,1.86,2.11,1.79,2.02
Main,England,Conference,2019/2020,08/10/2019,19:45,Ebbsfleet,Torquay,2,4,A,1,2,A,R Atkin,0,0,0,0,2.9,3.3,2.25,2.9,3.4,2.2,2.85,3.4,2.2,2.97,3.69,2.31,3,3.5,2.25,3,3.5,2.38,3,3.72,2.38,2.88,3.49,2.23,1.65,2.2,1.63,2.27,1.69,2.33,1.64,2.2,0.25,1.83,1.98,1.85,2.01,1.89,2.01,1.84,1.97,3.2,3.5,2.15,2.9,3.4,2.2,2.9,3.45,2.15,3.11,3.72,2.22,3.1,3.6,2.15,3.13,3.6,2.3,3.2,3.72,2.3,2.99,3.51,2.16,1.65,2.2,1.65,2.3,1.68,2.31,1.64,2.2,0.25,1.88,1.93,1.93,1.95,1.95,1.95,1.9,1.91
Main,England,Conference,2019/2020,08/10/2019,19:45,Fylde,Chesterfield,1,3,A,0,0,D,R Welch,2,2,0,0,2.1,3.3,3.25,2.1,3.3,3.25,2.1,3.25,3.2,2.23,3.26,3.5,2.2,3.2,3.4,2.25,3.3,3.4,2.25,3.4,3.5,2.16,3.2,3.29,1.9,1.9,1.93,1.9,1.97,1.96,1.9,1.88,-0.25,1.88,1.93,1.91,1.96,1.95,1.98,1.88,1.93,2,3.4,3.5,2.1,3.3,3.25,2.05,3.3,3.25,2.06,3.53,3.68,2.05,3.4,3.5,2.15,3.4,3.6,2.15,3.53,3.68,2.07,3.32,3.38,1.8,2,1.81,2.05,1.91,2.05,1.83,1.93,-0.25,1.8,2,1.78,2.11,1.85,2.11,1.81,2.01
Main,England,Conference,2019/2020,08/10/2019,19:45,Halifax,Chorley,0,0,D,0,0,D,B Speedie,1,4,0,0,1.6,4,5.25,1.62,3.4,5.5,1.6,3.7,4.9,1.64,3.89,5.67,1.62,3.8,5.5,1.67,4,5.5,1.68,4,5.8,1.61,3.72,5.34,1.8,2,1.83,1.99,1.87,2.05,1.81,1.96,-0.75,1.8,2,1.82,2.05,1.87,2.11,1.78,2.03,1.65,3.75,5.25,1.67,3.4,5,1.6,3.55,5.25,1.71,3.66,5.39,1.65,3.6,5.5,1.62,3.8,5.5,1.74,3.8,6,1.65,3.54,5.15,2.05,1.75,2.03,1.83,2.09,1.86,1.98,1.79,-0.75,1.9,1.9,1.94,1.94,1.95,2.04,1.86,1.94
Main,England,Conference,2019/2020,08/10/2019,19:45,Notts County,Dag and Red,2,0,H,1,0,H,S Barrott,0,0,0,0,2.05,3.25,3.4,2.1,3.2,3.3,2.1,3.15,3.3,2.2,3.18,3.68,2.15,3.2,3.5,2.15,3.25,3.6,2.2,3.34,3.68,2.11,3.17,3.43,2.1,1.7,2.09,1.75,2.15,1.79,2.06,1.73,-0.25,1.85,1.95,1.87,1.99,1.9,2.06,1.83,1.98,2,3.2,3.6,2.1,3.1,3.4,2.05,3.15,3.4,2.22,3.21,3.61,2.15,3.25,3.4,2.15,3.3,3.7,2.22,3.36,3.7,2.09,3.18,3.45,2.05,1.75,2.06,1.81,2.14,1.81,2.03,1.75,-0.25,1.83,1.98,1.89,1.99,1.89,2.07,1.82,2
Main,England,Conference,2019/2020,08/10/2019,19:45,Solihull,Sutton,2,0,H,1,0,H,J Hull,0,0,0,0,1.61,3.6,5,1.62,3.9,4.6,1.7,3.6,4.35,1.72,3.87,4.89,1.7,3.7,4.8,1.75,3.8,5,1.75,3.92,5.25,1.68,3.74,4.65,1.8,2,1.84,1.99,1.91,2.03,1.81,1.96,-0.75,1.9,1.9,1.93,1.93,1.98,2.05,1.89,1.93,1.57,3.8,5,1.65,3.8,4.6,1.65,3.5,4.95,1.65,3.94,5.49,1.65,3.75,5.25,1.7,3.9,5.5,1.7,3.94,5.5,1.64,3.7,5,2.07,1.72,2.07,1.8,2.2,1.83,2.02,1.76,-0.75,1.83,1.98,1.85,2.04,1.9,2.04,1.84,1.98
Main,England,Conference,2019/2020,08/10/2019,19:45,Wrexham,Harrogate,1,1,D,1,0,H,L Smith,2,5,0,0,2.2,3.3,2.9,2.35,3.3,2.75,2.2,3.25,3,2.35,3.33,3.18,2.3,3.25,3.1,2.4,3.3,3.2,2.4,3.4,3.2,2.28,3.28,2.97,2,1.8,2,1.83,2.08,1.88,1.98,1.8,-0.25,1.95,1.85,2.01,1.85,2.04,1.92,1.98,1.83,2.05,3.5,3.4,2.05,3.3,3.3,2.05,3.3,3.25,2.23,3.48,3.29,2.15,3.4,3.3,2.25,3.5,3.5,2.25,3.5,3.5,2.12,3.35,3.22,1.95,1.85,1.92,1.95,2,1.95,1.93,1.84,-0.25,1.83,1.98,1.93,1.95,1.93,2.01,1.87,1.95
Main,England,Conference,2019/2020,08/10/2019,19:45,Yeovil,Woking,3,1,H,3,0,H,D Middleton,1,1,0,0,1.95,3.3,3.6,1.9,3.4,3.75,1.9,3.4,3.6,1.96,3.55,4.05,1.95,3.4,3.9,2,3.5,4,2,3.6,4.05,1.93,3.4,3.75,1.8,2,1.83,2,1.88,2.03,1.82,1.95,-0.5,1.93,1.88,1.95,1.92,1.99,1.95,1.94,1.88,1.8,3.4,4,1.9,3.4,3.75,1.9,3.45,3.55,1.93,3.74,3.95,1.91,3.6,3.8,1.95,3.6,4,1.95,3.74,4.1,1.89,3.5,3.75,1.75,2.05,1.68,2.24,1.83,2.24,1.75,2.04,-0.5,1.9,1.9,1.93,1.95,1.95,1.99,1.89,1.91
Main,England,Conference,2019/2020,09/10/2019,19:45,Stockport,Hartlepool,2,1,H,2,0,H,S Mather,2,2,0,0,2.3,3.2,2.9,2.2,3.2,3.1,2.3,3.2,2.85,2.4,3.52,2.95,2.35,3.4,2.9,2.45,3.4,3.1,2.45,3.52,3.1,2.3,3.28,2.93,1.9,1.9,1.96,1.85,1.96,1.95,1.88,1.89,-0.25,2.02,1.77,2.05,1.78,2.06,1.86,2,1.8,2.8,3.4,2.45,2.7,3.25,2.4,2.8,3.2,2.3,2.9,3.38,2.5,2.8,3.4,2.4,2.8,3.4,2.4,2.9,3.5,2.5,2.8,3.29,2.37,1.8,2,1.93,1.94,1.95,2.02,1.83,1.95,0,2.07,1.72,2.09,1.79,2.19,1.8,2.09,1.74
