country_type,Country,League,Season,Date,Time,HomeTeam,AwayTeam,FTHG,FTAG,FTR,HTHG,HTAG,HTR,HS,AS,HST,AST,HF,AF,HC,AC,HY,AY,HR,AR,B365H,B365D,B365A,BWH,BWD,BWA,IWH,IWD,IWA,PSH,PSD,PSA,WHH,WHD,WHA,VCH,VCD,VCA,MaxH,MaxD,MaxA,AvgH,AvgD,AvgA,B365>2.5,B365<2.5,P>2.5,P<2.5,Max>2.5,Max<2.5,Avg>2.5,Avg<2.5,AHh,B365AHH,B365AHA,PAHH,PAHA,MaxAHH,MaxAHA,AvgAHH,AvgAHA,B365CH,B365CD,B365CA,BWCH,BWCD,BWCA,IWCH,IWCD,IWCA,PSCH,PSCD,PSCA,WHCH,WHCD,WHCA,VCCH,VCCD,VCCA,MaxCH,MaxCD,MaxCA,AvgCH,AvgCD,AvgCA,B365C>2.5,B365C<2.5,PC>2.5,PC<2.5,MaxC>2.5,MaxC<2.5,AvgC>2.5,AvgC<2.5,AHCh,B365CAHH,B365CAHA,PCAHH,PCAHA,MaxCAHH,MaxCAHA,AvgCAHH,AvgCAHA
Main,France,Division 2,2019/2020,26/07/2019,19:00,Ajaccio,Le Havre,2,2,D,1,0,H,12,12,4,3,12,15,5,8,4,5,0,1,2.9,3,2.55,2.85,2.9,2.6,2.9,2.85,2.6,3.05,2.94,2.73,3,2.88,2.62,3.1,2.88,2.63,3.1,3,2.73,2.93,2.88,2.63,2.7,1.44,2.74,1.49,2.79,1.5,2.65,1.46,0,2.05,1.8,2.06,1.84,2.12,1.86,2.04,1.82,2.9,3,2.55,2.85,2.9,2.6,2.9,2.8,2.6,3.05,2.91,2.75,3,2.88,2.62,3.1,2.8,2.7,3.1,3,2.75,2.92,2.85,2.65,2.7,1.44,2.87,1.45,2.88,1.5,2.73,1.44,0,2.05,1.8,2.05,1.85,2.12,1.86,2.03,1.82
Main,France,Division 2,2019/2020,26/07/2019,19:00,Chambly,Valenciennes,1,0,H,0,0,D,14,9,5,0,21,16,2,5,2,2,0,0,2.5,3,2.8,2.45,3,2.95,2.4,3.1,2.95,2.52,3.12,3.15,2.5,3.1,3,2.45,3.1,3.1,2.63,3.15,3.15,2.48,3.05,2.96,2.1,1.7,2.26,1.68,2.26,1.75,2.13,1.7,-0.25,2.15,1.67,2.14,1.78,2.23,1.81,2.13,1.75,2.25,3,3.2,2.45,2.95,3,2.35,3,3.05,2.48,3.05,3.3,2.38,3,3.3,2.45,3,3.2,2.55,3.12,3.35,2.42,2.99,3.11,2.25,1.61,2.43,1.6,2.43,1.69,2.27,1.62,-0.25,2.05,1.75,2.09,1.81,2.16,1.85,2.08,1.78
Main,France,Division 2,2019/2020,26/07/2019,19:00,Clermont,Chateauroux,3,0,H,1,0,H,11,11,7,5,13,16,8,3,1,3,0,1,1.75,3.5,4.75,1.78,3.4,4.5,1.77,3.4,4.45,1.81,3.61,4.82,1.8,3.4,4.75,1.8,3.4,4.8,1.87,3.61,5,1.8,3.41,4.56,2.1,1.7,2.18,1.73,2.2,1.77,2.11,1.71,-0.75,2.02,1.77,2.09,1.81,2.14,1.87,2.07,1.79,1.61,3.8,5.75,1.72,3.5,4.75,1.67,3.5,5.2,1.66,3.83,5.7,1.63,3.6,5.8,1.67,3.5,6,1.75,3.83,6.2,1.67,3.54,5.36,2.25,1.61,2.3,1.66,2.35,1.7,2.24,1.63,-0.75,1.85,2,1.88,2.01,2,2.05,1.88,1.96
Main,France,Division 2,2019/2020,26/07/2019,19:00,Guingamp,Grenoble,3,3,D,2,0,H,22,5,8,3,8,17,8,1,1,2,0,0,1.66,3.6,5.25,1.72,3.4,5,1.73,3.4,4.85,1.74,3.58,5.44,1.73,3.4,5.25,1.7,3.5,5.4,1.79,3.6,5.5,1.73,3.42,5.05,2.2,1.65,2.25,1.69,2.31,1.71,2.19,1.65,-0.75,1.95,1.9,2,1.9,2.03,1.94,1.97,1.88,1.85,3.3,4.2,1.78,3.3,4.75,1.9,3.1,4.25,1.93,3.28,4.8,1.91,3.1,4.6,1.93,3.13,4.6,1.99,3.3,4.8,1.9,3.15,4.45,2.4,1.53,2.48,1.57,2.51,1.62,2.39,1.56,-0.5,1.93,1.93,1.93,1.98,1.98,1.98,1.91,1.92
Main,France,Division 2,2019/2020,26/07/2019,19:00,Nancy,Orleans,0,0,D,0,0,D,8,6,1,3,15,15,6,2,1,1,0,0,2.1,3.2,3.6,2.1,3.1,3.5,2.15,3.1,3.4,2.27,3.15,3.63,2.2,3.1,3.5,2.2,3.1,3.6,2.27,3.22,3.75,2.18,3.08,3.5,2.25,1.61,2.33,1.65,2.35,1.67,2.26,1.62,-0.25,1.9,1.95,1.93,1.97,1.94,2.02,1.88,1.96,2.2,3.2,3.5,2.1,3.1,3.5,2.2,3.05,3.35,2.31,3.15,3.53,2.25,3.1,3.4,2.3,3,3.5,2.35,3.2,3.6,2.23,3.07,3.39,2.25,1.61,2.35,1.64,2.38,1.67,2.27,1.61,-0.25,1.98,1.88,1.96,1.93,2.02,1.97,1.94,1.9
Main,France,Division 2,2019/2020,26/07/2019,19:00,Niort,Troyes,0,2,A,0,1,A,4,14,2,5,12,15,1,5,2,1,0,0,3.25,3,2.37,3,3,2.4,3.1,3.05,2.35,3.3,3.17,2.4,3.2,3.1,2.35,3.3,3,2.38,3.35,3.2,2.45,3.15,3.06,2.36,2.3,1.6,2.43,1.6,2.44,1.65,2.32,1.59,0.25,1.85,2,1.85,2.04,1.9,2.08,1.83,2.01,3.5,3,2.25,3.1,3.1,2.3,3.2,3.05,2.3,3.34,3.17,2.38,3.3,3.1,2.3,3.5,3,2.3,3.5,3.2,2.41,3.21,3.06,2.32,2.35,1.57,2.46,1.58,2.46,1.63,2.35,1.57,0.25,1.88,1.98,1.87,2.03,1.91,2.05,1.85,1.99
Main,France,Division 2,2019/2020,26/07/2019,19:00,Rodez,Auxerre,2,0,H,2,0,H,10,17,3,4,11,18,4,3,1,2,0,0,2.7,3,2.8,2.75,2.95,2.65,2.8,2.95,2.6,2.97,2.95,2.79,2.88,2.9,2.7,3,2.9,2.63,3,3.08,2.8,2.84,2.92,2.68,2.4,1.53,2.54,1.55,2.56,1.58,2.44,1.53,0,2.02,1.83,2.01,1.88,2.07,1.9,2,1.85,3,3,2.5,2.75,2.95,2.65,2.85,2.9,2.6,3.04,2.92,2.75,3,2.9,2.62,2.9,2.88,2.75,3.05,3.05,2.75,2.89,2.89,2.65,2.5,1.5,2.66,1.51,2.67,1.57,2.51,1.5,0,2.02,1.83,2.05,1.85,2.08,1.88,2.01,1.84
Main,France,Division 2,2019/2020,26/07/2019,19:00,Sochaux,Caen,0,0,D,0,0,D,11,3,0,0,13,22,3,5,1,3,0,0,2.75,3,2.5,2.9,2.85,2.6,2.9,2.75,2.7,3,2.93,2.77,2.9,2.88,2.7,3,2.75,2.8,3.05,3,2.8,2.92,2.84,2.68,3.1,1.36,2.83,1.45,3.15,1.42,2.99,1.37,0,2.02,1.83,2.03,1.87,2.06,1.88,2.01,1.84,2.7,3,2.6,2.9,2.85,2.6,2.9,2.75,2.7,2.93,2.87,2.9,2.88,2.8,2.8,3,2.7,2.88,3.05,3,2.9,2.89,2.8,2.73,3.1,1.36,2.83,1.45,3.25,1.4,3.02,1.36,0,1.93,1.93,1.96,1.94,2.03,1.98,1.95,1.89
Main,France,Division 2,2019/2020,27/07/2019,14:00,Le Mans,Lens,1,2,A,1,0,H,21,14,4,5,18,12,5,2,1,0,0,0,3,3.2,2.37,2.85,2.9,2.6,3,2.9,2.45,3.23,3.04,2.52,3.1,3,2.45,3.13,2.9,2.55,3.23,3.2,2.6,3.03,2.96,2.48,2.5,1.5,2.54,1.53,2.62,1.56,2.49,1.51,0,2.13,1.75,2.2,1.7,2.22,1.79,2.13,1.74,3.8,3.2,2.1,3.4,3.2,2.1,3.5,3.15,2.1,3.61,3.4,2.16,3.5,3.3,2.15,3.7,3.13,2.15,3.8,3.4,2.18,3.48,3.25,2.12,2.15,1.66,2.25,1.69,2.29,1.72,2.18,1.67,0.25,2.02,1.83,2.04,1.85,2.07,1.88,2.01,1.83
Main,France,Division 2,2019/2020,29/07/2019,19:45,Lorient,Paris FC,3,0,H,1,0,H,13,3,4,2,14,13,8,2,0,4,0,1,2,3.2,4,2.05,3,3.9,2.05,2.95,3.95,2.13,3.06,4.2,2,3.1,4.2,2.05,3,4.3,2.13,3.24,4.3,2.05,3.02,3.96,2.7,1.44,2.65,1.48,2.79,1.5,2.64,1.45,-0.5,2.05,1.8,2.1,1.76,2.13,1.85,2.05,1.78,1.85,3.2,4.75,1.95,3.1,4.1,2,3.1,3.9,1.95,3.26,4.67,1.88,3.2,4.6,1.93,3.1,4.8,2.01,3.26,4.8,1.93,3.11,4.39,2.7,1.44,2.83,1.46,2.95,1.5,2.76,1.42,-0.5,1.9,1.95,1.95,1.95,2,1.99,1.93,1.91
Main,France,Division 2,2019/2020,02/08/2019,19:00,Auxerre,Le Mans,2,0,H,0,0,D,20,6,6,3,9,12,2,4,1,2,0,0,1.75,3.4,5,1.78,3.4,4.5,1.77,3.35,4.55,1.81,3.53,4.96,1.78,3.4,4.8,1.8,3.3,5,1.92,3.53,5,1.81,3.37,4.59,2.15,1.66,2.18,1.72,2.29,1.73,2.18,1.66,-0.75,2.02,1.77,2.09,1.79,2.17,1.81,2.1,1.76,1.66,3.5,5.5,1.78,3.4,4.5,1.7,3.45,4.9,1.69,3.76,5.53,1.7,3.5,5.25,1.73,3.5,5.25,1.78,3.76,5.53,1.72,3.48,5,2.1,1.7,2.2,1.72,2.25,1.76,2.16,1.67,-0.75,1.93,1.93,1.94,1.96,2.03,1.99,1.96,1.9
Main,France,Division 2,2019/2020,02/08/2019,19:00,Chateauroux,Rodez,0,0,D,0,0,D,10,10,2,0,18,9,1,3,2,2,0,0,3,3,2.5,2.9,2.85,2.6,2.85,2.9,2.6,3.02,2.94,2.75,2.88,3,2.62,3,2.9,2.63,3.02,3.08,2.75,2.91,2.92,2.62,2.5,1.5,2.61,1.51,2.64,1.56,2.5,1.51,0,2.05,1.8,2.04,1.85,2.11,1.86,2.03,1.82,3.4,3,2.3,3.1,2.9,2.45,3.05,2.9,2.45,3.38,3,2.46,3.25,3,2.38,3.25,2.9,2.45,3.4,3.13,2.5,3.16,2.93,2.42,2.5,1.5,2.64,1.52,2.67,1.55,2.53,1.5,0.25,1.85,2,1.83,2.07,1.88,2.13,1.81,2.04
Main,France,Division 2,2019/2020,02/08/2019,19:00,Grenoble,Ajaccio,0,1,A,0,0,D,7,11,0,5,14,18,3,2,4,3,0,0,2.05,3.1,4,2.1,3.1,3.6,2.15,3,3.55,2.2,3.2,3.72,2.15,3.1,3.7,2.15,3,3.9,2.21,3.22,4,2.14,3.08,3.63,2.4,1.53,2.54,1.54,2.58,1.58,2.45,1.53,-0.25,1.85,2,1.87,2.01,1.89,2.06,1.84,2.01,2.15,3.1,3.75,2.1,3.1,3.6,2.15,3,3.5,2.26,3.16,3.62,2.2,3.1,3.5,2.25,3,3.6,2.3,3.2,3.75,2.19,3.05,3.51,2.4,1.53,2.53,1.56,2.56,1.58,2.44,1.53,-0.25,1.9,1.95,1.93,1.97,1.95,2.04,1.89,1.96
Main,France,Division 2,2019/2020,02/08/2019,19:00,Le Havre,Niort,1,1,D,0,1,A,14,8,4,2,11,15,5,3,1,2,0,0,1.72,3.4,5.25,1.72,3.4,5,1.7,3.4,4.9,1.75,3.39,5.89,1.7,3.4,5.5,1.7,3.4,5.75,1.78,3.62,5.89,1.73,3.38,5.19,2.15,1.66,2.24,1.68,2.25,1.74,2.15,1.68,-0.75,1.95,1.9,1.99,1.89,2,1.96,1.96,1.89,1.66,3.5,5.5,1.65,3.4,5.5,1.7,3.4,4.9,1.75,3.42,5.76,1.73,3.3,5.5,1.75,3.4,5.25,1.77,3.6,5.76,1.71,3.39,5.26,2.15,1.66,2.25,1.69,2.25,1.73,2.15,1.68,-0.75,2,1.85,2,1.89,2.03,1.95,1.97,1.88
Main,France,Division 2,2019/2020,02/08/2019,19:00,Orleans,Chambly,0,1,A,0,1,A,15,9,4,2,13,15,7,4,0,2,1,1,2.1,3.1,3.75,2.1,3,3.7,2.1,3.05,3.55,2.2,3.08,3.91,2.15,3.1,3.7,2.2,3,3.75,2.24,3.22,4,2.14,3.04,3.7,2.4,1.53,2.49,1.56,2.53,1.61,2.4,1.55,-0.25,1.85,2,1.85,2.03,1.92,2.06,1.84,2,2.5,3.1,2.9,2.3,3,3.2,2.4,2.95,3.05,2.41,3.07,3.41,2.38,3.1,3.2,2.5,3,3.13,2.5,3.18,3.41,2.38,3,3.16,2.35,1.57,2.45,1.59,2.48,1.63,2.36,1.57,-0.25,2,1.85,2.04,1.86,2.12,1.89,2.04,1.81
Main,France,Division 2,2019/2020,02/08/2019,19:00,Paris FC,Sochaux,1,1,D,1,0,H,9,6,2,1,12,15,7,1,1,2,0,0,2.2,2.7,4.2,2.15,2.85,3.8,2.15,2.75,4.05,2.21,2.87,4.28,2.15,2.88,4,2.2,2.75,4.2,2.24,2.97,4.28,2.16,2.8,4.04,3.4,1.33,3.3,1.35,3.4,1.38,3.2,1.33,-0.25,1.83,2.02,1.83,2.05,1.86,2.11,1.81,2.04,2.15,2.7,4.33,2.15,2.85,3.8,2.2,2.7,3.9,2.26,2.79,4.28,2.2,2.75,4.2,2.3,2.63,4.2,2.3,2.88,4.33,2.22,2.74,3.96,3.5,1.3,3.56,1.32,3.6,1.35,3.41,1.3,-0.25,1.85,2,1.88,2.02,1.91,2.06,1.85,2
Main,France,Division 2,2019/2020,02/08/2019,19:00,Troyes,Clermont,1,2,A,1,0,H,10,7,3,5,18,15,1,4,3,1,1,0,2.5,3,3,2.35,2.95,3.2,2.4,3,3,2.55,3.12,3.1,2.55,3,3,2.55,2.9,3.1,2.64,3.12,3.2,2.47,3.01,3.02,2.4,1.53,2.46,1.57,2.51,1.6,2.4,1.55,0,1.75,2.13,1.76,2.14,1.82,2.19,1.75,2.12,2.87,3,2.62,2.55,2.9,2.95,2.65,2.95,2.75,2.93,3.02,2.76,2.8,3,2.75,2.8,3,2.8,2.95,3.05,2.95,2.75,2.95,2.73,2.5,1.5,2.58,1.54,2.61,1.57,2.48,1.52,0,2,1.85,2.01,1.88,2.05,1.97,1.96,1.89
Main,France,Division 2,2019/2020,02/08/2019,19:00,Valenciennes,Nancy,1,1,D,1,0,H,7,19,1,8,13,15,2,5,1,0,0,0,2.7,3,2.8,2.6,2.95,2.8,2.65,3,2.65,2.78,3.13,2.81,2.7,3.1,2.7,2.75,3,2.75,2.78,3.22,2.9,2.68,3.02,2.74,2.25,1.61,2.31,1.64,2.38,1.67,2.26,1.61,0,1.93,1.93,1.93,1.95,1.98,1.98,1.91,1.93,3.1,3,2.45,2.9,2.9,2.55,2.9,3,2.45,3.16,3.12,2.52,3.1,3.1,2.4,3.1,3,2.5,3.16,3.2,2.6,2.98,3.02,2.48,2.3,1.6,2.39,1.62,2.41,1.64,2.3,1.59,0,2.15,1.67,2.19,1.74,2.2,1.8,2.12,1.75
Main,France,Division 2,2019/2020,03/08/2019,15:30,Lens,Guingamp,2,0,H,0,0,D,14,12,6,2,10,13,2,8,2,3,0,0,2.15,3,3.8,2.2,3,3.4,2.2,3,3.45,2.26,3.04,3.79,2.2,3.1,3.6,2.2,3,3.75,2.26,3.22,3.8,2.2,3.01,3.54,2.4,1.53,2.49,1.53,2.56,1.59,2.43,1.53,-0.25,1.88,1.98,1.88,1.96,1.93,2.01,1.87,1.97,2.25,3,3.5,2.3,3,3.25,2.4,2.95,3.1,2.31,3.11,3.58,2.25,3.1,3.4,2.25,3,3.6,2.41,3.2,3.65,2.3,2.99,3.34,2.5,1.5,2.53,1.56,2.62,1.59,2.45,1.53,-0.25,1.95,1.9,1.96,1.94,2.04,1.98,1.95,1.9
Main,France,Division 2,2019/2020,05/08/2019,19:45,Caen,Lorient,1,2,A,0,2,A,7,6,4,2,13,13,5,2,4,2,0,0,2.2,3,3.6,2.25,2.9,3.4,2.3,2.95,3.25,2.46,2.9,3.52,2.35,3,3.3,2.4,2.9,3.3,2.46,3.02,3.6,2.32,2.92,3.36,2.4,1.53,2.5,1.53,2.58,1.58,2.44,1.52,-0.25,2,1.85,2.03,1.81,2.06,1.9,1.99,1.85,3.3,3,2.37,3.1,2.9,2.4,3.3,2.8,2.4,3.67,2.9,2.4,3.4,2.8,2.45,3.6,2.75,2.4,3.67,3,2.51,3.3,2.82,2.43,3.1,1.36,3.19,1.38,3.22,1.45,2.94,1.39,0.25,1.83,2.02,1.89,2.01,1.89,2.12,1.81,2.05
Main,France,Division 2,2019/2020,09/08/2019,19:00,Ajaccio,Caen,1,2,A,0,2,A,23,6,7,4,13,8,13,7,4,1,1,1,2.6,3,2.9,2.6,2.8,2.95,2.55,2.85,3,2.67,3.03,3.03,2.55,3,3,2.6,2.88,3.13,2.67,3.1,3.13,2.56,2.91,2.97,2.6,1.47,2.57,1.51,2.76,1.51,2.6,1.47,0,1.77,2.1,1.8,2.05,1.83,2.16,1.77,2.09,2.15,3,3.75,2.25,2.85,3.5,2.2,2.7,3.9,2.26,2.92,4.01,2.2,2.8,4,2.25,2.75,4.1,2.3,3,4.15,2.22,2.83,3.78,3.4,1.33,3.27,1.36,3.4,1.37,3.23,1.33,-0.25,1.85,2,1.89,2.01,1.92,2.06,1.88,1.98
Main,France,Division 2,2019/2020,09/08/2019,19:00,Chambly,Grenoble,0,0,D,0,0,D,5,7,1,2,14,15,7,1,3,1,0,0,2.45,3,3.1,2.55,2.85,2.95,2.5,2.8,3.05,2.68,2.86,3.2,2.55,2.9,3.1,2.6,2.88,3.13,2.68,3,3.2,2.54,2.86,3.06,2.6,1.47,2.74,1.45,2.76,1.51,2.63,1.46,0,1.75,2.13,1.76,2.1,1.8,2.17,1.76,2.11,2.15,3.1,3.75,2.15,2.95,3.6,2.15,2.95,3.65,2.19,3.06,3.97,2.15,3,3.8,2.15,3,3.9,2.23,3.1,3.97,2.16,2.97,3.71,2.5,1.5,2.6,1.53,2.63,1.55,2.51,1.5,-0.25,1.83,2.02,1.85,2.05,1.89,2.07,1.85,2.01
Main,France,Division 2,2019/2020,09/08/2019,19:00,Guingamp,Orleans,1,0,H,1,0,H,11,8,5,4,10,15,3,5,1,3,0,0,1.8,3,5,1.85,3.2,4.5,1.8,3.2,4.6,1.85,3.25,5.31,1.85,3.3,4.6,1.85,3.25,4.8,1.92,3.4,5.31,1.84,3.19,4.69,2.3,1.6,2.34,1.6,2.41,1.64,2.31,1.59,-0.5,1.85,2,1.83,2.02,1.89,2.05,1.84,2,1.7,3.1,5.75,1.8,3.2,4.75,1.75,3.35,4.85,1.76,3.49,5.47,1.75,3.4,5.25,1.75,3.3,5.5,1.85,3.5,5.75,1.77,3.31,4.96,2.25,1.61,2.32,1.65,2.39,1.66,2.28,1.6,-0.75,2.05,1.8,2.04,1.85,2.11,1.86,2.05,1.81
Main,France,Division 2,2019/2020,09/08/2019,19:00,Le Mans,Valenciennes,1,2,A,0,0,D,21,12,7,5,16,18,12,2,1,2,0,0,2.3,2.8,3.3,2.4,2.9,3.1,2.35,3,3.1,2.41,3.08,3.39,2.35,3.1,3.25,2.4,3,3.25,2.45,3.22,3.39,2.37,3,3.16,2.35,1.57,2.28,1.63,2.45,1.65,2.31,1.58,-0.25,2.05,1.8,2.01,1.83,2.1,1.87,2.03,1.82,2.05,2.87,4,2.1,3.1,3.5,2.1,3.25,3.35,2.19,3.3,3.62,2.15,3.25,3.5,2.15,3.3,3.5,2.2,3.35,4,2.14,3.19,3.45,1.95,1.85,2.01,1.88,2.03,1.91,1.97,1.83,-0.25,1.85,2,1.88,2.02,1.93,2.04,1.86,1.99
Main,France,Division 2,2019/2020,09/08/2019,19:00,Nancy,Lorient,1,1,D,0,0,D,7,9,2,2,19,20,3,7,3,5,0,1,3.2,3,2.25,3.1,3,2.35,3.05,3,2.4,3.18,3.08,2.53,3.1,3,2.45,3.2,3,2.45,3.22,3.15,2.53,3.07,3.01,2.41,2.35,1.57,2.34,1.6,2.45,1.63,2.34,1.57,0.25,1.8,2.05,1.75,2.11,1.84,2.11,1.79,2.06,3.3,3,2.2,3.1,3,2.35,3.15,3.05,2.3,3.31,3.14,2.41,3.2,3.1,2.35,3.3,3,2.4,3.32,3.2,2.43,3.18,3.05,2.34,2.3,1.6,2.37,1.63,2.41,1.64,2.31,1.59,0.25,1.85,2,1.85,2.05,1.88,2.07,1.84,2.01
Main,France,Division 2,2019/2020,09/08/2019,19:00,Niort,Chateauroux,3,0,H,1,0,H,17,8,11,0,16,10,3,4,1,1,0,1,2.05,2.9,3.9,2.1,2.95,3.75,2.1,3,3.7,2.23,2.99,3.98,2.15,3,3.9,2.2,3,3.7,2.23,3.1,3.98,2.15,2.97,3.72,2.4,1.53,2.54,1.51,2.61,1.56,2.49,1.51,-0.25,1.88,1.98,1.85,2,1.92,2.06,1.85,2,2.37,2.9,3.3,2.25,2.85,3.5,2.35,2.9,3.2,2.51,2.94,3.37,2.4,2.88,3.4,2.45,2.9,3.3,2.52,2.97,3.5,2.38,2.87,3.33,2.5,1.5,2.67,1.51,2.67,1.56,2.52,1.5,-0.25,2.1,1.77,2.1,1.8,2.16,1.86,2.04,1.82
Main,France,Division 2,2019/2020,09/08/2019,19:00,Rodez,Paris FC,2,1,H,1,1,D,8,7,5,3,17,15,6,2,2,3,0,1,2.5,2.75,3,2.4,2.8,3.25,2.55,2.75,3.1,2.75,2.77,3.23,2.6,2.88,3.1,2.7,2.75,3.13,2.75,2.96,3.25,2.59,2.75,3.11,3.1,1.36,3.06,1.37,3.25,1.42,2.99,1.37,0,1.8,2.05,1.77,2.09,1.83,2.14,1.78,2.08,2.4,2.8,3,2.55,2.65,3.2,2.5,2.65,3.3,2.59,2.74,3.52,2.55,2.7,3.4,2.5,2.7,3.5,2.62,2.8,3.52,2.54,2.68,3.29,3.4,1.33,3.36,1.35,3.46,1.37,3.22,1.33,-0.25,2.1,1.77,2.14,1.78,2.19,1.82,2.12,1.76
Main,France,Division 2,2019/2020,09/08/2019,19:00,Sochaux,Auxerre,1,0,H,0,0,D,8,6,3,0,13,13,3,5,1,3,0,0,2.75,2.9,2.6,2.7,2.95,2.7,2.85,2.95,2.5,3.23,3.1,2.48,3,3.1,2.5,3,3,2.6,3.23,3.22,2.7,2.92,2.99,2.54,2.35,1.57,2.3,1.62,2.43,1.65,2.32,1.58,0.25,1.7,2.1,1.78,2.07,1.84,2.3,1.74,2.13,4.75,2.9,1.95,3.75,2.95,2.1,4.1,2.95,2,4.22,3.15,2.08,4.2,3,2.05,4.4,2.9,2.05,4.75,3.15,2.2,4.01,2.98,2.06,2.87,1.4,2.78,1.47,2.91,1.48,2.71,1.44,0.25,2.15,1.73,2.16,1.76,2.23,1.82,2.12,1.75
Main,France,Division 2,2019/2020,09/08/2019,19:00,Troyes,Le Havre,1,2,A,0,1,A,15,11,5,5,7,10,10,5,0,3,0,1,2.1,3,3.5,2.25,3,3.3,2.2,3,3.35,2.34,2.99,3.65,2.3,3,3.4,2.3,3,3.5,2.34,3.1,3.65,2.26,2.99,3.4,2.35,1.57,2.42,1.56,2.48,1.62,2.36,1.56,-0.25,1.98,1.88,1.95,1.9,2.03,1.93,1.96,1.89,2.05,3,3.6,2.15,3,3.5,2.1,3.05,3.7,2.13,3.18,3.96,2.1,3.1,3.8,2.15,3,3.9,2.2,3.18,4,2.12,3.05,3.7,2.5,1.5,2.62,1.52,2.62,1.56,2.5,1.51,-0.25,1.8,2.05,1.81,2.09,1.86,2.13,1.81,2.04
Main,France,Division 2,2019/2020,10/08/2019,14:00,Clermont,Lens,1,1,D,0,0,D,11,13,4,6,12,18,5,3,2,2,0,0,2.37,2.9,3.3,2.35,2.9,3.2,2.4,2.9,3.2,2.5,2.99,3.33,2.4,2.9,3.3,2.4,2.9,3.4,2.5,3,3.4,2.39,2.9,3.23,2.5,1.5,2.56,1.51,2.69,1.53,2.55,1.48,-0.25,2.05,1.8,2.08,1.78,2.11,1.86,2.05,1.8,2.37,2.87,3.1,2.35,3,3.1,2.35,3,3.1,2.48,3.04,3.31,2.4,3,3.2,2.4,3,3.3,2.5,3.14,3.31,2.39,2.99,3.15,2.25,1.61,2.38,1.62,2.45,1.63,2.31,1.59,-0.25,2.05,1.8,2.09,1.81,2.1,1.85,2.05,1.81
Main,France,Division 2,2019/2020,16/08/2019,19:00,Caen,Chambly,0,0,D,0,0,D,9,8,1,2,9,17,8,1,2,4,0,0,2.4,3,3.2,2.7,2.95,2.7,2.7,2.75,2.85,2.77,2.97,2.96,2.7,2.88,2.9,2.8,2.8,2.9,2.82,3,3.2,2.7,2.85,2.89,2.87,1.4,2.96,1.43,3,1.45,2.85,1.41,0,1.8,2.05,1.88,2.02,1.95,2.05,1.87,1.98,2.75,2.87,2.87,2.75,2.8,2.75,2.75,2.7,2.85,2.91,2.78,3.02,2.75,2.88,2.9,2.9,2.7,2.9,2.91,2.95,3.05,2.79,2.77,2.87,3.1,1.36,3.17,1.38,3.25,1.42,3.03,1.37,0,1.9,1.95,1.92,1.99,1.98,1.99,1.9,1.95
Main,France,Division 2,2019/2020,16/08/2019,19:00,Chateauroux,Ajaccio,0,1,A,0,1,A,13,3,5,1,12,10,6,2,1,1,1,0,3.25,2.8,2.5,3.1,2.8,2.5,3.1,2.85,2.45,3.21,2.95,2.6,3.1,3,2.45,3.25,2.88,2.5,3.3,3.1,2.6,3.12,2.87,2.5,2.6,1.47,2.78,1.47,2.78,1.51,2.65,1.46,0,2.15,1.67,2.17,1.75,2.21,1.79,2.15,1.73,3.75,2.8,2.25,3.1,2.8,2.5,3.25,2.85,2.35,3.26,3.04,2.5,3.25,3,2.38,3.5,2.88,2.38,3.75,3.13,2.62,3.28,2.91,2.4,2.7,1.44,2.79,1.47,2.79,1.5,2.66,1.45,0.25,1.85,2,1.79,2.11,1.9,2.17,1.83,2.03
Main,France,Division 2,2019/2020,16/08/2019,19:00,Grenoble,Troyes,1,1,D,0,0,D,12,8,3,3,12,16,10,5,3,1,0,0,2.6,2.8,3.1,2.6,2.8,2.95,2.6,2.9,2.85,2.77,2.92,3.02,2.62,3,2.88,2.75,2.9,2.9,2.77,3.13,3.1,2.64,2.88,2.92,2.5,1.5,2.66,1.51,2.66,1.54,2.54,1.49,0,1.85,2,1.86,2.04,1.89,2.06,1.84,2.01,3,2.8,2.75,2.7,2.8,2.85,2.85,2.9,2.65,3.02,3.01,2.69,2.88,3,2.62,2.9,2.9,2.75,3.02,3.13,2.88,2.84,2.89,2.7,2.5,1.5,2.65,1.51,2.66,1.54,2.55,1.49,0,2,1.85,2.07,1.83,2.07,1.96,1.99,1.86
Main,France,Division 2,2019/2020,16/08/2019,19:00,Lorient,Sochaux,1,0,H,0,0,D,11,8,2,0,6,17,6,3,0,4,0,0,1.61,3.4,6.5,1.6,3.3,6.5,1.65,3.35,5.8,1.67,3.49,6.49,1.67,3.4,6,1.67,3.3,6.5,1.72,3.6,6.5,1.65,3.38,6.03,2.6,1.47,2.72,1.49,2.72,1.54,2.59,1.48,-0.75,1.9,1.95,1.93,1.98,1.94,2.01,1.9,1.95,1.7,3.3,5.75,1.67,3.3,5.75,1.7,3.2,5.4,1.74,3.31,6.27,1.7,3.25,6,1.73,3.25,6,1.79,3.5,6.27,1.71,3.28,5.62,2.7,1.44,2.77,1.47,2.77,1.52,2.64,1.47,-0.75,2,1.85,2.01,1.89,2.05,1.93,1.98,1.87
Main,France,Division 2,2019/2020,16/08/2019,19:00,Nancy,Le Mans,2,1,H,1,0,H,11,9,4,3,13,18,5,4,5,2,2,1,1.9,3.25,4.33,1.87,3.2,4.33,1.93,3.25,3.9,1.99,3.27,4.45,1.95,3.2,4.33,1.93,3.3,4.3,1.99,3.35,4.5,1.93,3.23,4.17,2.07,1.72,2.14,1.76,2.17,1.8,2.1,1.72,-0.5,1.95,1.9,1.99,1.91,2,1.95,1.94,1.9,1.83,3.3,4.75,1.87,3.2,4.33,1.87,3.35,4.1,1.93,3.36,4.61,1.88,3.25,4.5,1.9,3.3,4.4,1.95,3.4,4.75,1.89,3.27,4.31,2.05,1.75,2.12,1.77,2.16,1.81,2.08,1.73,-0.5,1.9,1.95,1.93,1.97,1.96,1.99,1.9,1.94
Main,France,Division 2,2019/2020,16/08/2019,19:00,Orleans,Clermont,0,1,A,0,1,A,12,5,2,3,11,19,9,2,2,3,0,0,3.4,2.8,2.4,3.2,2.8,2.45,3.15,2.95,2.35,3.36,2.97,2.5,3.2,3,2.4,3.3,3,2.4,3.4,3.15,2.5,3.23,2.93,2.4,2.35,1.57,2.47,1.58,2.62,1.62,2.39,1.55,0.25,1.8,2.05,1.81,2.1,1.86,2.1,1.82,2.03,3.5,2.8,2.37,3.2,2.8,2.45,3.15,2.95,2.35,3.41,2.99,2.46,3.25,3.1,2.35,3.25,3,2.4,3.5,3.18,2.46,3.26,2.94,2.37,2.35,1.57,2.47,1.58,2.48,1.62,2.37,1.56,0.25,1.8,2.05,1.83,2.07,1.86,2.09,1.83,2.02
Main,France,Division 2,2019/2020,16/08/2019,19:00,Paris FC,Niort,0,1,A,0,0,D,17,10,4,3,14,21,12,3,3,3,0,0,2.05,2.8,4.5,2.05,2.75,4.4,2.05,2.9,4.15,2.08,3.03,4.45,2,3,4.33,2.05,2.9,4.5,2.15,3.1,4.5,2.06,2.91,4.22,2.87,1.4,2.98,1.42,3.1,1.44,2.91,1.39,-0.5,2.05,1.8,2.08,1.82,2.15,1.83,2.08,1.78,1.9,2.87,5.25,2.05,2.75,4.4,1.93,2.95,4.55,2.01,3.1,4.71,1.95,3,4.6,1.93,3,5,2.05,3.13,5.25,1.97,2.98,4.49,3.1,1.36,2.94,1.43,3.1,1.44,2.91,1.39,-0.5,1.95,1.9,2.01,1.89,2.04,1.95,1.98,1.87
Main,France,Division 2,2019/2020,16/08/2019,19:00,Valenciennes,Rodez,1,0,H,0,0,D,17,13,6,4,9,11,5,5,2,2,0,0,3.25,2.87,2.45,2.95,2.75,2.65,2.9,3.05,2.5,3.05,3.08,2.62,2.9,3.2,2.5,2.9,3.1,2.6,3.25,3.26,2.7,2.92,3.02,2.54,2.2,1.65,2.31,1.65,2.38,1.66,2.25,1.61,0,2.05,1.8,2.07,1.83,2.11,1.86,2.04,1.82,3.25,2.87,2.45,2.95,2.85,2.55,2.95,3.05,2.45,3.13,3.17,2.5,3,3.1,2.5,2.9,3.1,2.6,3.25,3.2,2.7,2.95,3.03,2.52,2.25,1.61,2.34,1.64,2.39,1.66,2.26,1.61,0,2.15,1.67,2.19,1.74,2.21,1.86,2.1,1.77
Main,France,Division 2,2019/2020,17/08/2019,14:00,Lens,Le Havre,1,3,A,0,0,D,12,11,4,4,13,15,5,3,4,2,0,0,2,3,4.33,2,3,4,1.95,3.1,4.1,2.02,3.16,4.5,1.95,3.1,4.4,2,3.1,4.4,2.03,3.17,4.5,1.99,3.07,4.14,2.4,1.53,2.42,1.56,2.51,1.6,2.41,1.54,-0.5,2,1.85,2,1.86,2.04,1.89,2,1.84,1.83,3.2,5.25,1.78,3.25,4.75,1.85,3.3,4.25,1.93,3.35,4.63,1.85,3.3,4.6,1.87,3.3,4.6,1.97,3.4,5.25,1.87,3.27,4.45,2.15,1.66,2.23,1.7,2.29,1.71,2.19,1.65,-0.5,1.9,1.95,1.93,1.97,1.97,2.01,1.9,1.95
Main,France,Division 2,2019/2020,19/08/2019,19:45,Auxerre,Guingamp,2,2,D,0,2,A,17,10,6,5,15,14,8,4,2,1,0,0,2.4,2.8,3.5,2.3,2.75,3.6,2.35,2.9,3.25,2.44,2.93,3.52,2.35,2.9,3.4,2.4,2.9,3.4,2.44,3.05,3.6,2.36,2.87,3.36,2.6,1.47,2.66,1.47,2.76,1.52,2.6,1.47,-0.25,2.05,1.8,2.02,1.83,2.08,1.88,2.01,1.83,2.15,2.87,4,2.3,2.85,3.4,2.15,3.05,3.5,2.22,3.14,3.74,2.2,3.1,3.6,2.15,3.1,3.8,2.3,3.15,4,2.19,3.02,3.55,2.35,1.57,2.42,1.6,2.55,1.62,2.36,1.57,-0.25,1.85,2,1.88,2.01,1.9,2.07,1.86,1.99
Main,France,Division 2,2019/2020,23/08/2019,19:00,Ajaccio,Paris FC,1,0,H,0,0,D,11,7,5,3,18,12,1,3,2,2,0,0,2.2,3,3.6,2.2,2.9,3.6,2.1,2.8,4,2.23,2.88,4.18,2.15,2.9,4,2.15,2.8,4.3,2.23,3.04,4.3,2.16,2.87,3.87,3.1,1.36,2.97,1.4,3.15,1.42,2.98,1.37,-0.25,1.8,2.05,1.84,2.02,1.86,2.11,1.8,2.05,2.25,3,3.5,2.2,2.85,3.6,2.3,2.65,3.7,2.34,2.83,3.93,2.3,2.75,3.8,2.3,2.63,4,2.39,3,4.1,2.3,2.74,3.73,3.5,1.3,3.33,1.35,3.6,1.35,3.38,1.3,-0.25,1.95,1.9,1.95,1.95,1.99,1.97,1.94,1.92
Main,France,Division 2,2019/2020,23/08/2019,19:00,Chambly,Chateauroux,0,0,D,0,0,D,11,8,1,2,12,16,5,0,2,3,0,0,1.85,3.3,4.5,1.9,2.95,4.75,1.87,3.15,4.4,1.93,3.09,5.26,1.91,3.1,4.75,1.87,3.13,5,1.99,3.3,5.26,1.9,3.09,4.56,2.4,1.53,2.6,1.49,2.64,1.56,2.49,1.51,-0.5,1.9,1.95,1.91,1.96,1.95,1.99,1.9,1.94,1.85,3.3,4.5,1.85,2.95,5,1.85,3.15,4.5,1.93,3.14,5.12,1.88,3.1,5,1.9,3.1,4.8,1.95,3.3,5.12,1.88,3.1,4.7,2.5,1.5,2.55,1.55,2.63,1.57,2.49,1.51,-0.5,1.9,1.95,1.93,1.98,1.96,2,1.9,1.95
Main,France,Division 2,2019/2020,23/08/2019,19:00,Clermont,Auxerre,1,1,D,1,0,H,9,10,4,3,14,12,4,1,0,3,0,0,2.2,3,3.3,2.2,3.1,3.3,2.2,3.05,3.35,2.26,3.28,3.47,2.2,3.2,3.4,2.3,3,3.5,2.3,3.28,3.5,2.23,3.09,3.34,2.35,1.57,2.42,1.57,2.55,1.6,2.4,1.55,-0.25,1.93,1.93,1.93,1.94,1.97,1.97,1.92,1.92,2,3.1,3.75,2.2,3.1,3.25,2.1,3.05,3.6,2.2,3.25,3.67,2.15,3.2,3.6,2.2,3,3.75,2.24,3.25,3.8,2.15,3.11,3.53,2.35,1.57,2.48,1.58,2.55,1.59,2.41,1.55,-0.25,1.85,2,1.88,2.02,1.9,2.05,1.86,1.99
Main,France,Division 2,2019/2020,23/08/2019,19:00,Le Havre,Grenoble,3,1,H,2,1,H,9,13,6,4,10,12,2,6,0,4,0,0,1.9,3.1,4.5,1.85,3.1,4.6,1.87,3.2,4.3,1.96,3.1,5,1.91,3.2,4.4,1.9,3.2,4.6,2,3.28,5,1.91,3.14,4.41,2.35,1.57,2.42,1.57,2.46,1.62,2.36,1.57,-0.5,1.93,1.93,1.94,1.93,1.96,1.98,1.92,1.93,1.75,3.3,5.25,1.75,3.2,5,1.73,3.35,4.9,1.76,3.48,5.46,1.75,3.3,5.5,1.73,3.4,5.5,1.82,3.48,5.6,1.76,3.32,5.04,2.25,1.61,2.32,1.65,2.35,1.68,2.25,1.62,-0.75,2,1.85,2.05,1.85,2.08,1.9,2.03,1.83
Main,France,Division 2,2019/2020,23/08/2019,19:00,Le Mans,Lorient,1,2,A,0,2,A,15,9,3,4,17,15,12,4,1,2,0,0,3.75,3.2,2.1,3.5,3.25,2.05,3.55,3.25,2.05,3.78,3.23,2.17,3.6,3.3,2.1,3.75,3.2,2.1,3.8,3.44,2.17,3.58,3.21,2.09,2.07,1.72,2.09,1.77,2.17,1.78,2.08,1.73,0.25,2.05,1.8,2.03,1.83,2.11,1.83,2.05,1.8,4.2,3.3,1.9,3.6,3.3,2,3.85,3.3,1.95,4.12,3.4,2.01,4,3.3,2,4.1,3.25,2,4.2,3.44,2.03,3.91,3.28,1.97,2.07,1.72,2.14,1.76,2.17,1.79,2.08,1.73,0.5,1.88,1.98,1.88,2.01,1.91,2.04,1.86,1.99
Main,France,Division 2,2019/2020,23/08/2019,19:00,Niort,Caen,1,1,D,0,1,A,11,12,3,4,15,15,5,3,0,1,0,0,2.4,3.1,3.1,2.5,2.95,2.95,2.5,2.85,3.05,2.62,2.92,3.22,2.55,2.9,3.1,2.6,2.8,3.2,2.62,3.1,3.22,2.52,2.89,3.05,2.7,1.44,2.89,1.42,2.89,1.49,2.72,1.43,0,1.75,2.13,1.74,2.14,1.79,2.19,1.76,2.12,2.45,3.1,3,2.3,2.95,3.3,2.45,2.8,3.1,2.55,2.96,3.28,2.5,2.9,3.2,2.55,2.8,3.3,2.57,3.1,3.3,2.46,2.88,3.16,2.87,1.4,2.87,1.45,2.95,1.46,2.79,1.42,-0.25,2.1,1.77,2.14,1.78,2.14,1.8,2.1,1.77
Main,France,Division 2,2019/2020,23/08/2019,19:00,Rodez,Orleans,3,3,D,1,1,D,14,17,6,10,17,13,3,6,4,3,1,0,2.15,3.2,3.6,2.1,2.95,3.75,2.15,3.05,3.5,2.17,3.17,3.85,2.15,3.1,3.7,2.2,3,3.7,2.22,3.24,3.85,2.16,3.05,3.59,2.4,1.53,2.38,1.59,2.46,1.62,2.36,1.56,-0.25,1.9,1.95,1.83,2.03,1.94,2.03,1.88,1.97,2.37,3.1,3.1,2.25,3,3.3,2.5,3,2.9,2.56,3.04,3.18,2.45,3,3.1,2.5,3,3.1,2.56,3.13,3.3,2.45,3,3.06,2.3,1.6,2.38,1.62,2.56,1.62,2.35,1.57,-0.25,2.07,1.72,2.15,1.76,2.25,1.78,2.14,1.73
Main,France,Division 2,2019/2020,23/08/2019,19:00,Sochaux,Nancy,3,0,H,1,0,H,10,5,4,0,20,17,2,2,3,4,0,0,2.55,3,3,2.55,2.85,3,2.6,2.8,2.95,2.61,2.97,3.18,2.55,2.88,3.1,2.63,2.88,3.1,2.7,3,3.18,2.58,2.86,3.01,2.7,1.44,2.83,1.43,2.88,1.49,2.71,1.44,0,1.8,2.05,1.74,2.14,1.84,2.16,1.79,2.08,2.62,3,2.87,2.55,2.8,3,2.65,2.7,3,2.85,2.75,3.12,2.7,2.8,3,2.75,2.7,3.1,2.85,3,3.15,2.7,2.74,3,3.1,1.36,3.27,1.36,3.27,1.42,3,1.37,0,1.83,2.02,1.85,2.04,1.88,2.08,1.83,2.03
Main,France,Division 2,2019/2020,24/08/2019,14:00,Troyes,Lens,2,0,H,1,0,H,12,7,6,1,16,14,9,5,4,1,0,0,2.87,2.9,2.5,2.7,2.9,2.75,2.8,3,2.6,2.91,3.07,2.73,2.8,3.1,2.62,2.9,3,2.63,2.91,3.18,2.75,2.79,2.99,2.64,2.35,1.57,2.36,1.59,2.45,1.62,2.34,1.57,0,999,999,1.99,1.86,2.06,1.91,1.99,1.85,3,2.9,2.37,2.6,2.95,2.8,3,3,2.4,3.35,2.96,2.51,3.2,3,2.4,3.25,3,2.4,3.35,3.14,2.8,3.06,2.99,2.45,2.25,1.61,2.38,1.62,2.43,1.65,2.3,1.59,0.25,1.8,2.05,1.8,2.1,1.85,2.28,1.78,2.08
Main,France,Division 2,2019/2020,26/08/2019,19:45,Guingamp,Valenciennes,0,1,A,0,1,A,14,9,6,3,15,15,9,9,3,2,0,0,1.75,3.4,5,1.7,3.4,5,1.67,3.45,5.2,1.68,3.56,6.14,1.65,3.5,5.8,1.67,3.5,5.75,1.75,3.65,6.14,1.68,3.47,5.28,2.1,1.7,2.17,1.69,2.25,1.73,2.16,1.66,-0.75,1.93,1.93,1.89,1.95,1.98,1.97,1.91,1.93,1.65,3.6,5.75,1.65,3.5,5.25,1.6,3.85,5.1,1.64,3.8,6.02,1.6,3.75,5.8,1.6,3.9,5.75,1.67,3.98,6.02,1.62,3.73,5.45,1.8,2,1.85,2.03,1.87,2.13,1.79,2,-1,2.05,1.75,2.18,1.75,2.25,1.79,2.13,1.74
Main,France,Division 2,2019/2020,30/08/2019,19:00,Auxerre,Ajaccio,3,1,H,0,0,D,18,9,8,2,11,11,7,3,3,1,0,0,1.95,3.2,4.2,2,3,4,1.97,3.05,4,2.03,3.17,4.44,2,3.1,4.2,2,3.1,4.3,2.07,3.2,4.44,2,3.06,4.13,2.4,1.53,2.53,1.56,2.61,1.56,2.48,1.52,-0.5,2.02,1.83,2.03,1.87,2.08,1.87,2.02,1.83,1.95,3.2,4.2,2,3,4,1.9,3.1,4.3,1.99,3.22,4.55,1.91,3.2,4.4,1.93,3.13,4.6,2,3.24,4.7,1.95,3.1,4.29,2.4,1.53,2.53,1.56,2.6,1.57,2.46,1.53,-0.5,1.95,1.9,1.99,1.91,2.01,1.95,1.96,1.89
Main,France,Division 2,2019/2020,30/08/2019,19:00,Caen,Le Havre,0,3,A,0,1,A,13,12,2,4,10,12,10,2,0,2,0,0,2.87,3,2.62,2.8,2.8,2.75,2.9,2.8,2.65,3,2.97,2.74,2.9,2.88,2.7,3,2.8,2.75,3.05,3,2.77,2.92,2.85,2.67,2.7,1.44,2.86,1.45,2.88,1.49,2.72,1.44,0,2.02,1.83,2.04,1.86,2.06,1.87,2.01,1.84,3.1,3,2.45,2.95,2.8,2.6,2.85,2.8,2.65,3.2,2.87,2.68,3.1,2.8,2.62,3.13,2.8,2.63,3.25,3,2.72,3.03,2.81,2.6,2.7,1.44,2.9,1.44,2.9,1.49,2.73,1.44,0,2.1,1.77,2.13,1.78,2.2,1.82,2.08,1.78
Main,France,Division 2,2019/2020,30/08/2019,19:00,Chateauroux,Troyes,0,1,A,0,1,A,14,16,5,8,12,16,6,5,3,3,0,0,3.6,3,2.2,3.3,3,2.25,3.55,3,2.15,3.77,3.14,2.21,3.6,3.1,2.2,3.75,3,2.2,3.77,3.16,2.25,3.56,3.04,2.19,2.4,1.53,2.49,1.57,2.55,1.6,2.41,1.55,0.25,1.98,1.88,2.02,1.88,2.02,1.93,1.97,1.88,3.75,3,2.15,3.3,3,2.25,3.6,3,2.1,3.88,3.04,2.23,3.75,3.1,2.15,3.8,3,2.2,3.88,3.18,2.26,3.62,3,2.18,2.4,1.53,2.51,1.56,2.56,1.58,2.43,1.54,0.25,2,1.85,2.02,1.88,2.04,1.92,1.99,1.87
Main,France,Division 2,2019/2020,30/08/2019,19:00,Le Mans,Sochaux,2,0,H,1,0,H,9,6,3,3,23,22,6,2,2,2,0,0,2.8,2.9,2.75,2.65,2.9,2.8,2.7,2.9,2.7,2.84,2.93,2.93,2.8,2.88,2.8,2.8,2.9,2.8,2.89,2.97,2.93,2.75,2.88,2.8,2.4,1.53,2.53,1.56,2.56,1.58,2.45,1.53,0,1.93,1.93,1.92,1.98,1.97,1.99,1.91,1.95,2.7,2.9,2.87,2.65,2.9,2.8,2.65,2.9,2.75,2.88,2.87,2.95,2.75,2.88,2.88,2.8,2.9,2.8,2.88,2.96,2.96,2.73,2.87,2.83,2.5,1.5,2.68,1.5,2.68,1.57,2.51,1.51,0,1.93,1.93,1.93,1.97,1.98,2.02,1.9,1.96
Main,France,Division 2,2019/2020,30/08/2019,19:00,Nancy,Rodez,1,1,D,0,1,A,11,10,1,3,13,15,4,4,2,2,0,0,2.2,3,3.6,2.25,2.95,3.4,2.2,3.05,3.4,2.28,3.11,3.63,2.2,3.1,3.5,2.3,3,3.5,2.3,3.2,3.65,2.23,3.02,3.46,2.35,1.57,2.44,1.6,2.46,1.62,2.36,1.57,-0.25,1.93,1.93,1.94,1.96,1.97,1.97,1.92,1.93,2.2,3,3.6,2.25,2.95,3.4,2.2,3.05,3.4,2.29,3.08,3.64,2.2,3.1,3.5,2.3,3,3.5,2.3,3.16,3.7,2.23,3.01,3.47,2.35,1.57,2.49,1.57,2.5,1.6,2.39,1.56,-0.25,1.93,1.93,1.94,1.95,1.97,1.97,1.92,1.93
Main,France,Division 2,2019/2020,30/08/2019,19:00,Orleans,Niort,0,1,A,0,0,D,13,18,5,7,8,10,8,11,1,1,0,0,1.9,3,4.75,1.95,3,4.33,1.9,3.3,3.95,1.96,3.33,4.49,1.88,3.4,4.33,1.9,3.4,4.33,1.97,3.5,4.75,1.92,3.27,4.15,2.05,1.75,2.13,1.76,2.13,1.81,2.06,1.75,-0.5,1.9,1.95,1.96,1.94,1.96,1.99,1.92,1.93,1.9,3.1,5,1.87,3.3,4.1,1.87,3.35,4,1.94,3.34,4.56,1.88,3.3,4.4,1.93,3.4,4.2,1.98,3.5,5,1.9,3.29,4.21,2,1.8,2.09,1.8,2.12,1.86,2.03,1.78,-0.5,1.95,1.9,1.94,1.96,1.99,1.99,1.93,1.92
Main,France,Division 2,2019/2020,30/08/2019,19:00,Valenciennes,Clermont,1,0,H,0,0,D,16,15,8,5,12,11,4,7,5,3,0,0,3.1,3.1,2.37,3,3,2.4,3.05,3.1,2.3,3.24,3.12,2.47,3.1,3.1,2.4,3.13,3.13,2.4,3.3,3.24,2.47,3.11,3.07,2.38,2.1,1.7,2.18,1.73,2.21,1.75,2.13,1.7,0.25,1.8,2.05,1.81,2.09,1.85,2.11,1.81,2.05,3.8,3.2,2.05,3.5,3,2.15,3.55,3.2,2.05,3.84,3.33,2.11,3.8,3.2,2.05,3.9,3.2,2.05,3.95,3.35,2.15,3.65,3.16,2.09,2.1,1.7,2.16,1.75,2.23,1.76,2.13,1.7,0.25,2.1,1.77,2.1,1.8,2.19,1.83,2.08,1.79
Main,France,Division 2,2019/2020,31/08/2019,14:00,Lorient,Guingamp,0,1,A,0,0,D,12,15,3,4,11,10,5,8,1,2,0,0,2.05,3.1,4,2,3.1,3.9,2,3.15,3.75,2.1,3.18,4.1,2.05,3.1,4,2.1,3.13,3.9,2.12,3.24,4.1,2.05,3.11,3.84,2.25,1.61,2.23,1.66,2.31,1.69,2.22,1.63,-0.25,1.72,2.07,1.75,2.1,1.82,2.16,1.76,2.1,1.85,3.2,4.75,1.87,3.25,4.2,1.85,3.2,4.45,1.93,3.41,4.53,1.88,3.25,4.5,1.87,3.25,4.75,1.96,3.42,4.9,1.88,3.24,4.41,2.4,1.53,2.5,1.56,2.5,1.62,2.38,1.56,-0.5,1.88,1.98,1.93,1.98,1.95,2.01,1.89,1.95
Main,France,Division 2,2019/2020,02/09/2019,18:00,Paris FC,Chambly,0,3,A,0,2,A,8,10,2,5,12,13,2,4,4,1,1,0,2.3,2.87,3.5,2.3,2.75,3.6,2.35,2.8,3.45,2.52,2.69,3.76,2.38,2.9,3.4,2.38,2.8,3.6,2.52,3.02,3.76,2.36,2.79,3.48,2.87,1.4,3.07,1.37,3.07,1.44,2.91,1.39,-0.25,2,1.85,2.04,1.81,2.05,1.9,2.01,1.85,2.6,2.87,3.1,2.6,2.7,3.1,2.55,2.6,3.25,2.7,2.76,3.31,2.62,2.62,3.3,2.7,2.63,3.3,2.82,2.87,3.4,2.62,2.65,3.22,3.5,1.3,3.47,1.33,3.55,1.35,3.35,1.31,0,1.75,2.13,1.76,2.17,1.84,2.2,1.74,2.13
Main,France,Division 2,2019/2020,02/09/2019,19:45,Grenoble,Lens,2,2,D,1,1,D,9,11,4,4,20,22,2,7,2,2,0,0,3.5,3.25,2.1,3.4,3,2.2,3.5,3.05,2.15,3.65,3.09,2.29,3.5,3.1,2.2,3.75,3,2.2,3.75,3.25,2.3,3.43,3.06,2.21,2.4,1.53,2.39,1.57,2.48,1.61,2.37,1.55,0.25,1.98,1.88,1.93,1.92,2.02,1.94,1.97,1.89,3.4,3.1,2.25,3.3,3.1,2.2,3.05,3,2.4,3.5,3.2,2.29,3.4,3.1,2.25,3.5,3,2.3,3.55,3.2,2.4,3.28,3.06,2.29,2.35,1.57,2.46,1.58,2.47,1.62,2.37,1.57,0.25,1.9,1.95,1.94,1.96,1.97,2.04,1.88,1.97
Main,France,Division 2,2019/2020,13/09/2019,19:00,Ajaccio,Orleans,0,0,D,0,0,D,7,6,1,1,8,17,2,4,2,2,0,0,2,3.2,4,2.15,2.9,3.7,2.1,3.05,3.6,2.2,3.1,3.86,2.15,3.1,3.75,2.15,3.1,3.8,2.23,3.2,4,2.15,3.04,3.66,2.35,1.57,2.48,1.56,2.55,1.6,2.39,1.55,-0.25,1.83,2.02,1.85,2.02,1.87,2.07,1.83,2.01,2,3.2,4,2.15,2.95,3.6,2.05,3.1,3.8,2.13,3.18,3.99,2.1,3.1,3.9,2.05,3.1,4.1,2.18,3.21,4.15,2.09,3.07,3.79,2.25,1.61,2.38,1.62,2.45,1.63,2.32,1.58,-0.25,1.77,2.1,1.81,2.1,1.84,2.14,1.79,2.07
Main,France,Division 2,2019/2020,13/09/2019,19:00,Chambly,Auxerre,1,4,A,0,0,D,18,8,8,5,11,12,6,1,1,1,0,0,2.7,2.9,2.87,2.7,2.85,2.75,2.65,2.9,2.8,2.81,2.94,2.96,2.7,2.9,2.88,2.75,2.88,2.9,2.81,3.02,2.96,2.7,2.9,2.83,2.5,1.5,2.66,1.5,2.7,1.55,2.53,1.5,0,1.88,1.98,1.93,1.95,1.95,2.03,1.88,1.97,2.87,3,2.62,2.75,2.8,2.8,2.8,2.85,2.7,2.93,2.92,2.84,2.88,2.88,2.75,2.9,2.8,2.8,2.95,3,2.84,2.82,2.86,2.74,2.7,1.44,2.73,1.49,2.75,1.52,2.63,1.47,0,1.95,1.9,1.98,1.92,2,1.94,1.95,1.9
Main,France,Division 2,2019/2020,13/09/2019,19:00,Guingamp,Nancy,1,1,D,1,1,D,14,9,2,6,13,11,4,4,3,2,0,0,2,3.1,4.2,2,3,4.1,1.93,3.15,4.05,2.04,3.23,4.29,1.95,3.2,4.2,2,3.13,4.2,2.06,3.35,4.4,1.99,3.12,4.08,2.3,1.6,2.4,1.6,2.44,1.64,2.33,1.58,-0.5,2.02,1.83,2.03,1.85,2.07,1.88,2.02,1.83,2,3.1,4.2,2,3,4.1,1.95,3.15,3.95,2,3.33,4.27,1.91,3.3,4.2,1.95,3.2,4.33,2.06,3.4,4.4,1.97,3.17,4.08,2.3,1.6,2.36,1.63,2.41,1.65,2.3,1.6,-0.5,2,1.85,2,1.89,2.05,1.93,1.99,1.86
Main,France,Division 2,2019/2020,13/09/2019,19:00,Le Havre,Paris FC,0,0,D,0,0,D,13,6,2,1,18,10,7,4,2,4,1,1,1.72,3.25,5.75,1.8,3,5.25,1.73,3.2,5.2,1.76,3.34,5.89,1.73,3.25,5.8,1.75,3.25,5.75,1.84,3.4,5.89,1.76,3.21,5.36,2.5,1.5,2.58,1.52,2.64,1.55,2.54,1.5,-0.75,2,1.8,2.03,1.85,2.13,1.88,2.02,1.82,1.65,3.4,6,1.67,3.3,5.5,1.67,3.35,5.6,1.7,3.47,6.17,1.67,3.4,6,1.7,3.3,6,1.73,3.5,6.3,1.68,3.34,5.75,2.5,1.5,2.56,1.54,2.63,1.56,2.5,1.51,-0.75,1.93,1.93,1.95,1.95,1.97,1.97,1.93,1.92
Main,France,Division 2,2019/2020,13/09/2019,19:00,Niort,Grenoble,0,1,A,0,0,D,9,17,1,7,15,16,2,10,4,1,0,0,2.37,3,3.2,2.35,2.95,3.2,2.3,3,3.2,2.38,3.07,3.46,2.3,3,3.4,2.4,3,3.3,2.45,3.24,3.46,2.36,2.98,3.25,2.4,1.53,2.42,1.59,2.5,1.6,2.39,1.55,-0.25,2,1.85,2.01,1.87,2.07,1.89,2.01,1.84,2.5,3,3,2.35,2.95,3.2,2.4,2.95,3.05,2.56,3.02,3.2,2.5,2.88,3.2,2.5,2.9,3.2,2.56,3.1,3.25,2.45,2.94,3.11,2.4,1.53,2.45,1.59,2.55,1.6,2.4,1.55,-0.25,2.13,1.75,2.16,1.76,2.17,1.82,2.11,1.76
Main,France,Division 2,2019/2020,13/09/2019,19:00,Rodez,Le Mans,4,1,H,2,0,H,13,8,6,3,8,12,5,2,1,3,0,1,2.15,3.1,3.6,2.2,2.95,3.5,2.1,3.1,3.5,2.25,3.17,3.63,2.2,3.1,3.5,2.2,3.1,3.6,2.25,3.25,3.85,2.18,3.06,3.55,2.15,1.66,2.21,1.7,2.3,1.71,2.18,1.66,-0.25,1.88,1.98,1.91,1.97,1.92,2.03,1.87,1.98,2,3.2,4,2,3.2,3.75,1.97,3.1,4,2.07,3.36,3.92,2,3.25,4,2,3.2,4.2,2.13,3.38,4.25,2.02,3.2,3.84,2.07,1.72,2.11,1.78,2.19,1.79,2.09,1.72,-0.5,2.07,1.72,2.07,1.83,2.13,1.9,2.05,1.8
Main,France,Division 2,2019/2020,13/09/2019,19:00,Sochaux,Valenciennes,0,0,D,0,0,D,17,6,2,2,13,6,6,4,1,1,0,0,2.15,3.1,3.6,2.2,2.95,3.5,2.2,2.9,3.6,2.32,2.95,3.78,2.25,2.88,3.7,2.25,2.9,3.75,2.32,3.1,3.9,2.22,2.93,3.62,2.7,1.44,2.77,1.46,2.79,1.5,2.66,1.45,-0.25,1.9,1.95,1.94,1.94,1.95,2,1.9,1.95,2.25,3,3.5,2.2,2.95,3.5,2.25,2.9,3.4,2.36,3,3.6,2.3,2.9,3.6,2.3,2.9,3.6,2.38,3.1,3.6,2.28,2.93,3.46,2.5,1.5,2.69,1.5,2.75,1.55,2.59,1.48,-0.25,1.98,1.88,1.99,1.91,2.01,1.93,1.96,1.89
Main,France,Division 2,2019/2020,13/09/2019,19:00,Troyes,Caen,2,1,H,1,0,H,16,3,7,2,9,17,5,3,2,1,0,0,1.9,3.2,4.33,1.95,3,4.25,1.87,3,4.65,1.95,3.1,5.05,1.91,3.1,4.75,1.91,3,5,1.99,3.2,5.05,1.92,3.05,4.55,2.87,1.4,2.89,1.43,3,1.46,2.81,1.41,-0.5,1.93,1.93,1.94,1.94,1.97,1.96,1.93,1.91,1.72,3.3,5.5,1.75,3.1,5.25,1.73,3.15,5.4,1.83,3.28,5.38,1.75,3.25,5.5,1.8,3.1,5.75,1.85,3.35,7.3,1.78,3.19,5.2,2.7,1.44,2.86,1.45,2.9,1.48,2.76,1.43,-0.75,2.02,1.77,2.14,1.78,2.16,1.83,2.09,1.77
Main,France,Division 2,2019/2020,14/09/2019,13:45,Clermont,Lorient,0,2,A,0,2,A,20,5,6,3,13,12,6,3,2,2,0,1,2.5,2.9,3.1,2.55,2.85,2.95,2.55,2.9,2.85,2.72,2.92,3.07,2.6,3,2.9,2.63,2.9,3,2.72,3.13,3.1,2.59,2.92,2.91,2.4,1.53,2.45,1.55,2.55,1.58,2.43,1.54,0,1.8,2.05,1.81,2.04,1.88,2.09,1.82,2.03,2.6,2.9,3,2.55,2.85,2.95,2.6,2.9,2.85,2.75,2.87,3.09,2.6,3,2.9,2.75,2.9,2.9,2.76,3,3.09,2.64,2.86,2.94,2.5,1.5,2.6,1.53,2.61,1.57,2.49,1.52,0,1.83,2.02,1.83,2.07,1.9,2.08,1.83,2.02
Main,France,Division 2,2019/2020,16/09/2019,19:45,Lens,Chateauroux,1,0,H,0,0,D,14,10,6,5,14,22,2,6,1,5,0,1,1.5,3.5,9,1.5,3.7,7,1.5,3.8,6.7,1.5,4.11,7.65,1.5,3.9,7.5,1.53,3.7,7.5,1.55,4.11,9,1.5,3.84,6.93,2.25,1.61,2.23,1.66,2.31,1.69,2.21,1.64,-1,1.9,1.95,1.88,1.97,2.03,1.99,1.91,1.92,1.4,4.2,9,1.44,4,7.5,1.5,3.7,7,1.41,4.21,10.65,1.38,4.2,10,1.4,4.2,10,1.5,4.35,10.65,1.4,4.15,8.76,2.05,1.75,2.14,1.76,2.17,1.79,2.09,1.72,-1.25,2,1.85,2.05,1.85,2.06,1.89,2.01,1.85
Main,France,Division 2,2019/2020,20/09/2019,19:00,Auxerre,Troyes,1,2,A,1,1,D,10,16,2,7,15,21,5,6,1,5,1,0,2.45,2.9,3.2,2.35,3,3.1,2.45,2.95,3.05,2.56,2.98,3.24,2.5,2.9,3.2,2.5,3,3.13,2.56,3,3.3,2.46,2.93,3.12,2.35,1.57,2.44,1.58,2.55,1.61,2.39,1.56,-0.25,2.13,1.75,2.14,1.76,2.16,1.8,2.1,1.76,2.37,3,3.3,2.3,3.1,3.1,2.3,3,3.15,2.41,3.15,3.31,2.35,3.1,3.2,2.4,3,3.25,2.46,3.2,3.31,2.34,3.06,3.18,2.35,1.57,2.37,1.63,2.45,1.63,2.34,1.57,-0.25,2.05,1.8,2.04,1.85,2.09,1.85,2.02,1.82
Main,France,Division 2,2019/2020,20/09/2019,19:00,Chateauroux,Grenoble,1,1,D,1,0,H,18,12,9,4,16,11,7,3,1,2,0,0,2.9,3.1,2.5,2.8,2.9,2.65,2.9,2.95,2.55,3.04,3.04,2.66,2.9,3.1,2.55,3,3,2.6,3.05,3.16,2.68,2.89,2.96,2.59,2.4,1.53,2.43,1.58,2.48,1.61,2.38,1.56,0,2.05,1.8,2.08,1.81,2.11,1.85,2.04,1.81,3.1,3.1,2.4,2.8,2.9,2.65,2.9,2.95,2.5,3.1,3.06,2.59,3,3.1,2.5,3.13,3,2.5,3.13,3.15,2.65,2.96,2.96,2.53,2.4,1.53,2.48,1.57,2.52,1.6,2.4,1.55,0,2.1,1.77,2.14,1.78,2.19,1.81,2.09,1.78
Main,France,Division 2,2019/2020,20/09/2019,19:00,Le Mans,Ajaccio,2,4,A,0,0,D,17,13,5,5,12,20,3,3,2,2,0,0,2.45,3.2,2.9,2.4,3.1,2.95,2.35,3,3.05,2.52,3.12,3.15,2.4,3.1,3.1,2.45,3,3.2,2.52,3.2,3.2,2.42,3.05,3.05,2.3,1.6,2.38,1.61,2.41,1.64,2.32,1.58,-0.25,2.1,1.77,2.12,1.77,2.13,1.83,2.08,1.78,2.37,3.2,3.1,2.4,3.1,2.95,2.35,3.05,3.1,2.43,3.14,3.29,2.35,3.1,3.2,2.4,3,3.25,2.45,3.22,3.3,2.37,3.06,3.13,2.3,1.6,2.4,1.61,2.41,1.64,2.32,1.59,-0.25,2,1.85,2.06,1.84,2.1,1.88,2.03,1.82
Main,France,Division 2,2019/2020,20/09/2019,19:00,Nancy,Chambly,3,0,H,1,0,H,17,8,10,0,12,13,11,5,2,4,0,0,2.4,3,3.2,2.35,2.9,3.25,2.35,2.85,3.3,2.46,2.91,3.51,2.38,2.88,3.4,2.4,2.88,3.5,2.46,3,3.55,2.38,2.87,3.34,2.7,1.44,2.83,1.45,2.83,1.49,2.68,1.45,-0.25,2,1.85,2.05,1.83,2.06,1.88,2.01,1.83,2.2,3,3.6,2.35,2.9,3.25,2.25,2.85,3.5,2.26,2.99,3.88,2.3,2.9,3.6,2.3,2.88,3.7,2.4,3,3.88,2.28,2.89,3.53,2.7,1.44,2.83,1.46,2.88,1.5,2.7,1.45,-0.25,1.9,1.95,1.9,2,2,2.01,1.94,1.91
Main,France,Division 2,2019/2020,20/09/2019,19:00,Orleans,Le Havre,2,2,D,1,1,D,17,8,5,3,9,15,4,4,0,2,0,0,3,3.1,2.45,2.95,3,2.45,2.9,3.1,2.45,3.09,3.15,2.54,3,3.1,2.45,3,3.13,2.5,3.1,3.2,2.55,2.96,3.07,2.47,2.05,1.75,2.1,1.77,2.25,1.79,2.1,1.72,0,2.13,1.75,2.15,1.75,2.21,1.79,2.12,1.75,3.1,3.1,2.4,2.95,3,2.45,2.9,3.25,2.35,3.05,3.34,2.45,3,3.25,2.38,3,3.3,2.4,3.1,3.4,2.5,2.95,3.21,2.4,1.8,2,1.88,1.99,1.94,2.05,1.86,1.93,0,2.15,1.67,2.18,1.75,2.19,1.78,2.14,1.73
Main,France,Division 2,2019/2020,20/09/2019,19:00,Paris FC,Clermont,0,2,A,0,2,A,7,16,3,7,15,6,3,7,2,0,0,0,3.2,3,2.37,3.2,2.85,2.4,3.2,2.7,2.5,3.41,2.85,2.56,3.3,2.88,2.45,3.5,2.7,2.5,3.5,3,2.58,3.27,2.81,2.46,3.4,1.33,3.19,1.36,3.4,1.39,3.12,1.35,0.25,1.77,2.1,1.78,2.12,1.82,2.14,1.79,2.07,3.1,3,2.5,3.2,2.85,2.4,3.25,2.7,2.5,3.43,2.85,2.55,3.4,2.8,2.45,3.4,2.7,2.55,3.5,3,2.62,3.29,2.8,2.46,3.1,1.36,3.22,1.37,3.31,1.39,3.11,1.35,0.25,1.77,2.1,1.79,2.12,1.81,2.17,1.79,2.08
Main,France,Division 2,2019/2020,20/09/2019,19:00,Sochaux,Guingamp,3,1,H,2,1,H,13,9,6,1,16,14,4,3,0,3,0,1,3,2.9,2.6,2.8,2.95,2.6,2.95,2.8,2.6,3.02,3.01,2.69,3,2.9,2.62,3.1,2.75,2.75,3.1,3.1,2.75,2.92,2.9,2.62,2.87,1.4,2.97,1.41,3.05,1.44,2.88,1.4,0,2.02,1.83,2.05,1.83,2.09,1.87,2.02,1.82,2.5,2.9,3,2.4,2.9,3.1,2.65,2.75,2.95,2.7,2.88,3.16,2.62,2.8,3.1,2.7,2.75,3.1,2.7,3,3.25,2.59,2.83,3.02,3.1,1.36,3.01,1.41,3.1,1.42,2.91,1.38,0,1.77,2.1,1.79,2.11,1.85,2.2,1.78,2.08
Main,France,Division 2,2019/2020,20/09/2019,19:00,Valenciennes,Niort,1,1,D,1,1,D,21,7,4,2,12,16,2,2,2,5,0,2,2,3.2,3.9,2.15,3.2,3.3,2.05,3.25,3.5,2.12,3.4,3.72,2.1,3.3,3.6,2.1,3.2,3.7,2.2,3.44,3.9,2.11,3.23,3.53,2.05,1.75,2.11,1.77,2.18,1.8,2.07,1.73,-0.25,1.8,2.05,1.81,2.07,1.87,2.12,1.82,2.03,1.95,3.2,4.2,2.1,3.2,3.4,2.05,3.25,3.55,2.09,3.44,3.77,2,3.3,3.9,2.05,3.25,3.9,2.1,3.48,4.2,2.05,3.27,3.64,2.05,1.75,2.11,1.78,2.15,1.82,2.06,1.74,-0.5,2.02,1.77,2.09,1.81,2.12,1.86,2.06,1.79
Main,France,Division 2,2019/2020,21/09/2019,14:00,Caen,Lens,0,2,A,0,1,A,13,9,1,1,11,20,6,4,4,1,0,0,3.75,3.1,2.1,3.8,3,2.05,3.75,2.95,2.1,3.95,2.97,2.24,3.8,3,2.15,4,2.9,2.15,4,3.1,2.24,3.76,2.94,2.15,2.6,1.47,2.66,1.47,2.73,1.53,2.61,1.47,0.25,2.02,1.83,1.98,1.86,2.08,1.87,2,1.83,3.75,3.1,2.1,3.7,2.9,2.15,3.75,2.85,2.15,3.84,3.06,2.23,3.8,3,2.15,4,2.88,2.2,4,3.1,2.3,3.72,2.93,2.18,2.87,1.4,2.85,1.45,3,1.46,2.87,1.4,0.25,2,1.85,2.01,1.88,2.04,1.93,1.97,1.87
Main,France,Division 2,2019/2020,23/09/2019,19:45,Lorient,Rodez,2,1,H,0,0,D,17,14,4,3,15,8,6,8,2,1,0,0,2,3.1,4.2,1.87,3.1,4.5,1.87,3.1,4.45,1.97,3.09,4.96,1.95,3.2,4.2,1.91,3.13,4.75,2,3.3,4.96,1.93,3.12,4.3,2.5,1.5,2.51,1.52,2.6,1.56,2.48,1.51,-0.5,2,1.85,1.94,1.91,2,1.98,1.94,1.88,1.66,3.3,6,1.75,3.25,5,1.73,3.4,4.75,1.81,3.48,5.04,1.78,3.4,5,1.75,3.4,5.25,1.83,3.5,6,1.76,3.38,4.9,2.15,1.66,2.23,1.7,2.29,1.74,2.18,1.67,-0.75,2.1,1.77,2.1,1.81,2.13,1.9,2.06,1.8
Main,France,Division 2,2019/2020,27/09/2019,19:00,Ajaccio,Valenciennes,2,0,H,2,0,H,12,11,4,3,18,10,5,3,1,1,0,0,2.05,3,4,2.15,3.1,3.4,2.05,3.1,3.65,2.18,3.12,3.92,2.15,3.1,3.7,2.15,3.1,3.8,2.19,3.2,4,2.13,3.1,3.63,2.35,1.57,2.42,1.59,2.45,1.63,2.34,1.58,-0.25,1.83,2.02,1.83,2.05,1.87,2.08,1.82,2.02,2.05,3.2,3.75,2.15,3.1,3.4,2.05,3.1,3.75,2.12,3.18,4.01,2.05,3.1,4,2.05,3.1,4.1,2.15,3.3,4.1,2.06,3.14,3.77,2.25,1.61,2.41,1.61,2.45,1.64,2.33,1.58,-0.25,1.72,2.07,1.8,2.11,1.83,2.14,1.76,2.09
Main,France,Division 2,2019/2020,27/09/2019,19:00,Chambly,Lorient,0,1,A,0,0,D,7,17,2,4,6,11,3,4,2,1,0,0,3.5,3,2.25,3.4,3,2.2,3.55,3,2.15,3.76,3.04,2.27,3.6,3,2.25,3.6,3,2.25,3.76,3.12,2.28,3.52,3.02,2.21,2.5,1.5,2.55,1.53,2.61,1.57,2.48,1.52,0.25,1.95,1.9,1.97,1.91,2.01,1.94,1.95,1.89,3.6,3,2.2,3.4,3,2.2,3.4,3,2.2,3.67,3.06,2.29,3.5,3,2.25,3.6,3,2.25,3.67,3.1,2.32,3.47,3,2.23,2.5,1.5,2.52,1.56,2.56,1.58,2.47,1.52,0.25,1.93,1.93,1.96,1.94,1.97,1.97,1.93,1.91
Main,France,Division 2,2019/2020,27/09/2019,19:00,Clermont,Nancy,2,2,D,2,2,D,9,8,3,2,6,12,8,1,2,3,0,0,2.05,3.2,3.75,2.1,2.9,3.9,2.05,3.05,3.8,2.13,3.06,4.18,2.1,3,4,2.05,3.1,4.1,2.14,3.2,4.18,2.07,3.05,3.9,2.5,1.5,2.57,1.53,2.58,1.58,2.44,1.53,-0.25,1.72,2.07,1.79,2.1,1.8,2.16,1.76,2.1,2.15,3.1,3.6,2.1,2.9,3.9,2.2,3,3.45,2.36,2.99,3.61,2.25,3,3.6,2.3,2.9,3.6,2.36,3.1,3.9,2.22,2.97,3.55,2.5,1.5,2.59,1.53,2.61,1.57,2.49,1.52,-0.25,1.95,1.9,1.99,1.91,2.01,1.99,1.92,1.92
Main,France,Division 2,2019/2020,27/09/2019,19:00,Grenoble,Caen,1,0,H,1,0,H,9,9,3,3,13,15,6,7,1,2,0,0,1.95,3.2,3.75,2,3.1,3.9,1.93,3.05,4.2,2.02,3.09,4.66,2,3.1,4.2,1.95,3.1,4.5,2.07,3.2,4.66,1.99,3.07,4.19,2.5,1.5,2.65,1.5,2.67,1.54,2.56,1.49,-0.5,1.98,1.88,2.01,1.87,2.04,1.91,1.99,1.84,1.95,3.2,3.75,2,3.1,3.9,1.93,3.05,4.25,2.07,3.11,4.35,1.95,3.1,4.4,1.95,3.1,4.6,2.08,3.2,4.6,1.99,3.07,4.15,2.6,1.47,2.62,1.52,2.69,1.53,2.57,1.49,-0.5,2.05,1.8,2.07,1.83,2.08,1.94,2,1.84
Main,France,Division 2,2019/2020,27/09/2019,19:00,Le Havre,Chateauroux,0,1,A,0,0,D,15,13,5,5,13,10,5,3,1,5,1,1,1.53,3.8,6.5,1.55,3.9,5.75,1.57,3.85,5.6,1.6,3.87,6.48,1.55,3.8,6.5,1.55,3.9,6.5,1.61,4,6.6,1.56,3.85,6,1.95,1.85,1.99,1.87,2.06,1.92,1.96,1.83,-1,2.02,1.83,2.06,1.83,2.08,1.86,2.02,1.83,1.61,3.75,5.5,1.55,3.9,5.75,1.6,3.75,5.3,1.65,3.74,6.01,1.6,3.8,5.8,1.65,3.7,5.75,1.67,4,6.5,1.6,3.74,5.62,1.95,1.85,2.04,1.85,2.04,1.9,1.97,1.82,-0.75,1.83,2.02,1.85,2.05,1.89,2.09,1.82,2.04
Main,France,Division 2,2019/2020,27/09/2019,19:00,Niort,Auxerre,2,2,D,1,0,H,10,15,6,4,15,11,4,4,1,0,0,0,3.75,3.1,2.1,3.4,3.1,2.15,3.5,3.05,2.15,3.79,3.1,2.23,3.6,3.2,2.15,3.8,3.1,2.15,3.8,3.28,2.25,3.57,3.09,2.16,2.35,1.57,2.4,1.6,2.45,1.63,2.34,1.58,0.25,2,1.85,2,1.88,2.06,1.9,2,1.84,4.2,3.1,2,3.4,3.1,2.15,3.6,3.15,2.05,3.95,3.48,2.03,3.7,3.3,2.05,4.1,3.2,2,4.2,3.48,2.15,3.75,3.23,2.04,2.15,1.66,2.24,1.69,2.31,1.71,2.21,1.65,0.5,1.85,2,1.87,2.03,1.93,2.12,1.83,2.03
Main,France,Division 2,2019/2020,27/09/2019,19:00,Rodez,Sochaux,0,2,A,0,1,A,11,18,4,6,14,9,3,6,3,3,0,0,2.37,3.1,3.1,2.4,2.95,3.1,2.4,2.9,3.1,2.52,2.93,3.38,2.4,3,3.2,2.5,2.88,3.25,2.52,3.1,3.38,2.43,2.92,3.19,2.6,1.47,2.64,1.5,2.72,1.53,2.59,1.48,-0.25,2.1,1.77,2.11,1.78,2.14,1.82,2.07,1.78,2.3,3.1,3.1,2.45,2.8,3.2,2.35,2.8,3.35,2.48,2.84,3.59,2.38,2.9,3.4,2.45,2.75,3.5,2.52,3.1,3.6,2.42,2.81,3.34,3.1,1.36,3.04,1.41,3.1,1.45,2.93,1.39,-0.25,2.02,1.83,2.06,1.84,2.09,1.88,2.03,1.82
Main,France,Division 2,2019/2020,27/09/2019,19:00,Troyes,Orleans,1,2,A,1,1,D,19,13,5,5,11,19,7,3,1,3,0,1,1.7,3.3,6,1.75,3.4,4.75,1.67,3.5,5.1,1.69,3.76,5.52,1.7,3.6,5.25,1.67,3.5,5.75,1.76,3.76,6,1.7,3.53,5.16,2.1,1.7,2.12,1.76,2.2,1.77,2.12,1.7,-0.75,1.93,1.93,1.93,1.95,1.98,1.98,1.93,1.92,1.72,3.5,5,1.72,3.5,4.75,1.73,3.5,4.7,1.79,3.63,4.97,1.73,3.5,5,1.75,3.5,5,1.84,3.65,5,1.75,3.51,4.74,2,1.8,2.07,1.81,2.15,1.82,2.06,1.75,-0.75,2.05,1.8,2.05,1.85,2.11,1.87,2.02,1.83
Main,France,Division 2,2019/2020,28/09/2019,13:45,Lens,Paris FC,2,1,H,2,0,H,14,10,6,3,15,12,5,5,2,2,0,0,1.53,3.8,6.5,1.57,3.75,5.75,1.57,3.55,6.3,1.59,3.64,7.36,1.57,3.5,7.5,1.55,3.6,7.5,1.64,3.8,7.5,1.57,3.6,6.32,2.4,1.53,2.52,1.52,2.56,1.6,2.4,1.54,-1,2.07,1.72,2.14,1.73,2.19,1.82,2.11,1.75,1.57,3.75,6,1.57,3.6,6,1.63,3.4,5.8,1.71,3.39,6.31,1.63,3.4,6.5,1.7,3.3,6.25,1.77,3.75,6.5,1.66,3.36,5.92,2.5,1.5,2.69,1.5,2.69,1.54,2.55,1.5,-0.75,1.95,1.9,1.96,1.93,2.02,1.98,1.92,1.92
Main,France,Division 2,2019/2020,30/09/2019,19:45,Guingamp,Le Mans,3,0,H,1,0,H,21,10,7,2,17,17,3,1,2,2,0,0,1.72,3.5,5.25,1.78,3.5,4.33,1.75,3.45,4.6,1.83,3.52,4.89,1.78,3.4,5,1.75,3.5,5.2,1.86,3.7,5.25,1.76,3.48,4.62,2.05,1.75,2.1,1.74,2.2,1.78,2.09,1.71,-0.75,2,1.8,2.07,1.78,2.16,1.9,2.03,1.8,1.75,3.5,4.75,1.72,3.6,4.5,1.75,3.5,4.5,1.79,3.66,4.87,1.78,3.5,4.75,1.8,3.5,4.75,1.84,3.7,4.87,1.77,3.51,4.55,1.95,1.85,1.98,1.9,2.05,1.93,1.97,1.82,-0.5,1.77,2.02,1.79,2.12,1.83,2.13,1.79,2.06
Main,France,Division 2,2019/2020,04/10/2019,19:00,Caen,Chateauroux,1,1,D,0,0,D,17,13,5,6,16,14,3,2,1,0,0,0,2.05,3,4.2,2.1,2.95,3.75,2.05,2.95,3.85,2.19,3.01,4.08,2.1,3,4,2.1,3,4,2.19,3.13,4.2,2.11,2.97,3.88,2.5,1.5,2.61,1.52,2.64,1.55,2.52,1.5,-0.25,1.8,2.05,1.84,2.06,1.84,2.09,1.8,2.05,2.05,3,4.2,2.1,2.95,3.75,2.1,2.95,3.85,2.16,3.03,4.15,2.1,3,4,2.05,3,4.2,2.16,3.1,4.2,2.1,2.97,3.93,2.6,1.47,2.65,1.51,2.67,1.54,2.56,1.49,-0.25,1.77,2.1,1.81,2.09,1.82,2.14,1.78,2.08
Main,France,Division 2,2019/2020,04/10/2019,19:00,Guingamp,Rodez,4,1,H,2,1,H,20,10,9,1,12,12,10,3,1,2,0,0,2,3.1,4.2,2,3.2,3.8,1.97,3.15,3.85,2.03,3.27,4.24,2,3.3,3.9,2,3.2,4.1,2.05,3.42,4.24,2,3.19,3.95,2.1,1.7,2.19,1.72,2.3,1.75,2.16,1.68,-0.5,2,1.85,2.03,1.87,2.04,1.9,2,1.85,2,3.1,4.2,2,3.2,3.8,1.95,3.2,3.95,2.01,3.32,4.27,1.95,3.3,4.2,1.95,3.25,4.3,2.02,3.44,4.3,1.97,3.2,4.01,2.1,1.7,2.15,1.75,2.25,1.76,2.14,1.69,-0.5,1.98,1.88,2.01,1.89,2.04,1.92,1.98,1.86
Main,France,Division 2,2019/2020,04/10/2019,19:00,Le Mans,Chambly,1,0,H,0,0,D,14,4,4,1,13,15,4,2,2,2,0,0,2.7,2.87,2.9,2.7,2.9,2.75,2.55,3.05,2.75,2.68,3.09,2.95,2.62,3,2.88,2.63,3.1,2.88,2.71,3.13,2.95,2.63,3,2.82,2.1,1.7,2.17,1.74,2.25,1.74,2.15,1.69,0,1.85,2,1.85,2.05,1.9,2.05,1.85,2,2.5,3,3,2.7,2.9,2.75,2.5,3.05,2.85,2.64,3.02,3.09,2.55,3,3,2.5,3.1,3,2.7,3.12,3.1,2.57,2.97,2.91,2.1,1.7,2.19,1.73,2.25,1.74,2.14,1.69,0,1.77,2.1,1.79,2.11,1.85,2.16,1.8,2.06
Main,France,Division 2,2019/2020,04/10/2019,19:00,Lorient,Ajaccio,0,0,D,0,0,D,19,6,3,4,11,11,5,1,1,2,0,0,1.72,3.4,5.25,1.72,3.3,5,1.7,3.3,5.2,1.79,3.33,5.62,1.78,3.25,5.25,1.75,3.3,5.5,1.86,3.5,5.7,1.76,3.29,5.17,2.35,1.57,2.43,1.6,2.45,1.64,2.34,1.58,-0.75,2.05,1.8,2.08,1.83,2.09,1.86,2.04,1.81,1.66,3.5,5.5,1.72,3.3,5,1.67,3.3,5.4,1.68,3.6,6.12,1.7,3.4,5.8,1.65,3.5,6.25,1.77,3.6,6.25,1.7,3.36,5.47,2.35,1.57,2.39,1.62,2.45,1.63,2.34,1.58,-0.75,1.88,1.98,1.92,1.98,1.98,2.01,1.92,1.92
Main,France,Division 2,2019/2020,04/10/2019,19:00,Nancy,Niort,2,1,H,0,1,A,18,3,5,1,20,13,7,2,3,1,0,1,1.85,3.1,5,1.85,3.1,4.6,1.8,3.25,4.6,1.84,3.41,5.03,1.8,3.3,5,1.8,3.25,5.2,1.9,3.41,5.2,1.82,3.26,4.7,2.35,1.57,2.4,1.61,2.48,1.62,2.37,1.57,-0.5,1.83,2.02,1.84,2.06,1.87,2.09,1.82,2.02,1.7,3.2,6,1.75,3.2,5,1.7,3.35,5.2,1.69,3.66,5.71,1.7,3.4,5.5,1.67,3.5,6,1.84,3.66,6,1.71,3.41,5.26,2.25,1.61,2.33,1.65,2.41,1.65,2.3,1.6,-0.75,1.9,1.95,1.94,1.96,2.07,2,1.95,1.9
Main,France,Division 2,2019/2020,04/10/2019,19:00,Paris FC,Troyes,1,0,H,1,0,H,5,13,1,2,15,19,3,6,3,2,0,0,3.25,3,2.37,3.2,2.85,2.4,3.25,2.85,2.35,3.42,2.99,2.45,3.3,2.9,2.4,3.4,2.88,2.4,3.42,3,2.5,3.27,2.89,2.4,2.7,1.44,2.84,1.46,2.88,1.49,2.72,1.44,0.25,1.83,2.02,1.84,2.06,1.87,2.09,1.82,2.03,3.25,3,2.37,3.2,2.85,2.4,3.25,2.85,2.4,3.34,3.04,2.46,3.3,2.9,2.4,3.4,2.88,2.4,3.4,3.04,2.51,3.23,2.9,2.41,2.7,1.44,2.78,1.47,2.88,1.49,2.69,1.45,0.25,1.83,2.02,1.83,2.08,1.86,2.09,1.81,2.04
Main,France,Division 2,2019/2020,04/10/2019,19:00,Sochaux,Clermont,4,0,H,1,0,H,12,17,6,4,15,11,3,3,3,2,0,0,2.9,2.87,2.8,2.9,2.7,2.75,2.9,2.7,2.75,2.95,2.87,2.87,2.88,2.88,2.75,3,2.75,2.8,3,2.97,2.92,2.88,2.78,2.76,2.87,1.4,2.99,1.42,3.05,1.44,2.88,1.4,0,1.95,1.9,1.98,1.93,2.01,1.94,1.96,1.89,2.9,2.87,2.8,2.9,2.7,2.75,2.9,2.7,2.75,2.98,2.86,2.86,2.9,2.88,2.75,3,2.7,2.88,3.05,2.93,2.92,2.89,2.76,2.77,3.1,1.36,3.11,1.39,3.11,1.43,3,1.37,0,1.98,1.88,1.99,1.91,2.02,1.93,1.97,1.88
Main,France,Division 2,2019/2020,04/10/2019,19:00,Valenciennes,Grenoble,0,2,A,0,1,A,10,12,3,4,16,16,3,2,4,2,0,0,2.45,3.1,3,2.4,2.95,3.1,2.45,3.05,2.9,2.6,3.09,3.06,2.55,3,3,2.6,3.1,2.9,2.65,3.12,3.1,2.51,3.02,2.96,2.15,1.66,2.26,1.68,2.26,1.75,2.15,1.69,0,1.8,2.05,1.79,2.11,1.84,2.13,1.79,2.07,2.75,3.1,2.62,2.5,2.95,2.95,2.6,3.05,2.7,2.81,3.15,2.77,2.7,3,2.8,2.75,3.1,2.7,2.81,3.15,2.95,2.64,3.03,2.78,2.15,1.66,2.23,1.7,2.26,1.74,2.15,1.69,0,1.95,1.9,1.97,1.93,1.99,2.06,1.89,1.96
Main,France,Division 2,2019/2020,05/10/2019,13:45,Auxerre,Le Havre,2,0,H,2,0,H,7,10,3,0,16,12,5,5,3,2,0,0,2.45,3,3.1,2.4,2.95,3.1,2.4,3,3.05,2.55,2.91,3.35,2.4,3.1,3.1,2.45,3.1,3.13,2.55,3.2,3.35,2.43,2.97,3.11,2.25,1.61,2.29,1.63,2.38,1.67,2.27,1.61,-0.25,2.1,1.77,2.11,1.76,2.13,1.82,2.08,1.78,2.45,3,3.1,2.4,2.95,3.1,2.3,3.05,3.2,2.51,3.08,3.2,2.4,3.1,3.1,2.5,3.1,3,2.54,3.24,3.26,2.41,3.03,3.1,2.15,1.66,2.18,1.74,2.3,1.74,2.18,1.67,-0.25,2.13,1.75,2.12,1.79,2.16,1.86,2.09,1.78
Main,France,Division 2,2019/2020,07/10/2019,19:45,Orleans,Lens,1,4,A,1,0,H,3,9,1,7,19,14,1,6,2,1,0,0,3.75,3.2,2.05,3.5,3.1,2.1,3.35,3.2,2.15,3.61,3.16,2.26,3.4,3.3,2.15,3.5,3.2,2.2,3.75,3.42,2.26,3.4,3.16,2.17,2.05,1.75,2.06,1.78,2.11,1.84,2.03,1.76,0.25,1.95,1.9,1.94,1.9,2.02,1.94,1.95,1.89,3.4,3.1,2.25,3.4,3.2,2.1,3.1,3.1,2.3,3.25,3.25,2.39,3.2,3.1,2.35,3.2,3.1,2.38,3.45,3.25,2.4,3.18,3.14,2.29,2.15,1.66,2.17,1.74,2.23,1.77,2.13,1.7,0.25,1.8,2.05,1.85,2.04,1.89,2.09,1.84,2.01
