country_type,Country,League,Season,Date,Time,HomeTeam,AwayTeam,FTHG,FTAG,FTR,HTHG,HTAG,HTR,Referee,HS,AS,HST,AST,HF,AF,HC,AC,HY,AY,HR,AR,B365H,B365D,B365A,BWH,BWD,BWA,IWH,IWD,IWA,PSH,PSD,PSA,WHH,WHD,WHA,VCH,VCD,VCA,MaxH,MaxD,MaxA,AvgH,AvgD,AvgA,B365>2.5,B365<2.5,P>2.5,P<2.5,Max>2.5,Max<2.5,Avg>2.5,Avg<2.5,AHh,B365AHH,B365AHA,PAHH,PAHA,MaxAHH,MaxAHA,AvgAHH,AvgAHA,B365CH,B365CD,B365CA,BWCH,BWCD,BWCA,IWCH,IWCD,IWCA,PSCH,PSCD,PSCA,WHCH,WHCD,WHCA,VCCH,VCCD,VCCA,MaxCH,MaxCD,MaxCA,AvgCH,AvgCD,AvgCA,B365C>2.5,B365C<2.5,PC>2.5,PC<2.5,MaxC>2.5,MaxC<2.5,AvgC>2.5,AvgC<2.5,AHCh,B365CAHH,B365CAHA,PCAHH,PCAHA,MaxCAHH,MaxCAHA,AvgCAHH,AvgCAHA
Main,England,League 2,2019/2020,03/08/2019,12:30,Salford,Stevenage,2,0,H,1,0,H,K Johnson,16,6,5,2,11,14,3,7,1,0,0,0,1.9,3.6,4.5,1.8,3.4,4.5,1.77,3.35,4,1.86,3.5,4.38,1.83,3.5,4.33,1.87,3.6,4.5,1.95,3.6,4.7,1.84,3.47,4.27,2,1.8,1.96,1.87,2.05,1.91,1.95,1.84,-0.5,1.85,2,1.86,1.98,1.89,2.07,1.84,1.99,1.95,3.6,4.2,1.85,3.5,4.1,1.83,3.3,3.8,1.93,3.44,4.2,1.95,3.3,4.2,2,3.5,4,2,3.6,4.6,1.92,3.41,4.03,2.05,1.75,2.1,1.79,2.16,1.86,2.02,1.79,-0.5,1.95,1.9,1.95,1.95,2.01,1.97,1.92,1.91
Main,England,League 2,2019/2020,03/08/2019,15:00,Bradford,Cambridge,0,0,D,0,0,D,O Yates,22,7,3,2,12,11,5,1,3,0,0,1,1.9,3.6,4.5,1.85,3.5,4.1,1.77,3.35,4,1.84,3.75,4.13,1.78,3.6,4.5,1.85,3.6,4.6,1.9,3.8,4.75,1.83,3.57,4.21,2,1.8,1.96,1.87,2.05,1.89,1.97,1.82,-0.5,1.83,2.02,1.84,2.01,1.86,2.09,1.81,2.02,1.75,4,4.8,1.75,3.7,4.33,1.67,3.5,4.4,1.72,3.93,4.58,1.67,3.75,5,1.73,3.9,5,1.76,4,5.4,1.73,3.75,4.58,2,1.8,2,1.88,2.03,1.9,1.96,1.84,-0.75,1.95,1.85,1.99,1.91,2,1.95,1.94,1.88
Main,England,League 2,2019/2020,03/08/2019,15:00,Carlisle,Crawley Town,2,1,H,2,1,H,J Oldham,14,20,7,4,16,20,2,11,2,2,0,1,2.1,3.6,3.75,2,3.4,3.6,1.97,3.2,3.4,2.12,3.37,3.55,2.05,3.4,3.6,2.1,3.4,3.75,2.19,3.6,3.75,2.07,3.37,3.5,2.05,1.75,2.04,1.79,2.09,1.84,2.01,1.79,-0.5,2.1,1.77,2.12,1.75,2.13,1.85,2.06,1.77,2.1,3.6,3.75,2,3.3,3.7,2,3.2,3.35,2.1,3.38,3.6,2.1,3.4,3.4,2.2,3.4,3.4,2.2,3.62,3.75,2.08,3.39,3.48,2,1.8,2,1.88,2.06,1.88,2,1.81,-0.5,2.13,1.75,2.12,1.79,2.17,1.8,2.09,1.76
Main,England,League 2,2019/2020,03/08/2019,15:00,Colchester,Port Vale,1,1,D,1,1,D,D Drysdale,10,10,4,1,8,12,3,1,0,3,0,0,2.25,3.6,3.25,2.15,3.4,3.2,2,3.2,3.3,2.13,3.52,3.35,2.1,3.4,3.4,2.15,3.5,3.5,2.25,3.6,3.54,2.11,3.4,3.34,2.05,1.75,2.02,1.81,2.09,1.85,2,1.8,-0.25,1.93,1.93,1.85,1.99,1.93,2.07,1.83,2.01,2.15,3.6,3.5,2.15,3.3,3.3,2.05,3,3.45,2.08,3.29,3.74,2.15,3.2,3.6,2.15,3.3,3.75,2.22,3.6,3.75,2.11,3.23,3.57,2.5,1.5,2.5,1.57,2.6,1.6,2.44,1.54,-0.25,1.83,2.02,1.81,2.1,1.88,2.1,1.82,2.03
Main,England,League 2,2019/2020,03/08/2019,15:00,Crewe,Plymouth,0,3,A,0,2,A,M Donohue,16,13,9,9,7,17,11,3,3,5,0,0,3,3.4,2.5,2.75,3.3,2.45,2.75,3.1,2.35,2.85,3.38,2.48,2.88,3.4,2.4,3,3.3,2.45,3,3.48,2.51,2.85,3.3,2.43,2.05,1.75,2.02,1.81,2.08,1.86,2,1.79,0,2.05,1.8,2.06,1.79,2.13,1.84,2.08,1.78,2.45,3.5,3,2.4,3.3,2.85,2.4,3.2,2.65,2.55,3.46,2.71,2.45,3.4,2.8,2.45,3.4,2.9,2.65,3.54,3,2.45,3.37,2.78,1.85,1.95,1.96,1.92,1.98,1.99,1.91,1.89,0,1.75,2.13,1.89,2.01,1.9,2.2,1.78,2.08
Main,England,League 2,2019/2020,03/08/2019,15:00,Exeter,Macclesfield,1,0,H,0,0,D,S Purkiss,8,17,2,4,11,10,7,6,1,3,0,0,1.95,3.6,4.2,2,3.3,3.7,1.97,3.2,3.5,1.99,3.46,3.87,1.95,3.5,3.8,2.05,3.5,3.8,2.07,3.64,4.2,2,3.36,3.77,2.07,1.72,2.04,1.79,2.19,1.82,2.06,1.75,-0.5,1.98,1.88,1.99,1.85,2.03,1.91,1.98,1.85,1.8,3.8,4.75,1.78,3.5,4.5,1.75,3.3,4.25,1.78,3.71,4.51,1.78,3.6,4.6,1.83,3.6,4.8,1.83,3.8,4.8,1.78,3.56,4.47,2.05,1.75,2.1,1.79,2.13,1.83,2.05,1.76,-0.5,1.8,2.05,1.8,2.1,1.83,2.14,1.78,2.06
Main,England,League 2,2019/2020,03/08/2019,15:00,Forest Green,Oldham,1,0,H,0,0,D,N Hair,10,6,3,0,8,16,3,0,1,2,0,0,2.05,3.6,3.8,2.05,3.4,3.5,1.97,3.25,3.4,2.07,3.6,3.45,2,3.5,3.6,2.05,3.5,3.8,2.11,3.64,3.8,2.03,3.47,3.53,2.05,1.75,1.95,1.88,2.08,1.9,1.98,1.82,-0.25,1.77,2.1,1.8,2.05,1.81,2.14,1.77,2.08,2.2,3.6,3.4,2.15,3.4,3.2,2.05,3.2,3.15,2.18,3.53,3.25,2.15,3.4,3.3,2.25,3.4,3.3,2.25,3.6,3.46,2.16,3.4,3.25,2,1.8,2.05,1.83,2.06,1.86,2,1.8,-0.25,1.93,1.93,1.92,1.98,1.98,2.01,1.89,1.95
Main,England,League 2,2019/2020,03/08/2019,15:00,Leyton Orient,Cheltenham,1,0,H,0,0,D,M Salisbury,12,2,5,0,6,19,5,3,0,0,0,2,2.1,3.6,3.75,2,3.4,3.6,1.93,3.25,3.55,2.06,3.38,3.69,2,3.5,3.6,2.05,3.5,3.8,2.12,3.62,4,2.01,3.41,3.63,2,1.8,1.99,1.84,2.06,1.87,1.99,1.81,-0.25,1.8,2.05,1.77,2.08,1.81,2.2,1.76,2.09,2.2,3.4,3.6,2.2,3.25,3.3,2.1,3.15,3.2,2.18,3.35,3.41,2.15,3.4,3.3,2.2,3.4,3.4,2.22,3.52,3.6,2.16,3.31,3.34,2.05,1.75,2.08,1.8,2.1,1.82,2.03,1.77,-0.25,1.88,1.98,1.9,2,1.92,2.02,1.87,1.97
Main,England,League 2,2019/2020,03/08/2019,15:00,Morecambe,Grimsby,0,2,A,0,0,D,D Handley,8,10,0,5,12,14,1,6,3,2,0,0,2.5,3.75,2.8,2.45,3.25,2.8,2.35,3.1,2.75,2.4,3.47,2.9,2.5,3.3,2.8,2.55,3.4,2.9,2.6,3.75,2.9,2.44,3.33,2.81,2.07,1.72,2.04,1.79,2.16,1.81,2.05,1.75,0,1.8,2.05,1.75,2.12,1.87,2.13,1.8,2.06,2.4,3.75,2.9,2.4,3.2,2.9,2.35,3.05,2.85,2.39,3.32,3.02,2.4,3.2,3,2.45,3.4,3,2.5,3.75,3.14,2.4,3.25,2.96,2.35,1.57,2.43,1.6,2.43,1.7,2.28,1.62,-0.25,2.02,1.77,2.09,1.82,2.14,1.82,2.05,1.78
Main,England,League 2,2019/2020,03/08/2019,15:00,Newport County,Mansfield,2,2,D,2,0,H,J Adcock,13,8,4,3,15,11,6,4,2,5,0,1,2.4,3.6,3,2.35,3.4,2.85,2.3,3.1,2.8,2.31,3.43,3.07,2.35,3.3,3,2.4,3.4,3.1,2.45,3.6,3.15,2.34,3.34,2.95,2.07,1.72,2.14,1.72,2.17,1.79,2.08,1.73,-0.25,2.02,1.77,2,1.85,2.1,1.87,2.01,1.82,2.55,3.5,2.87,2.4,3.3,2.85,2.4,3.05,2.75,2.48,3.32,2.88,2.5,3.25,2.8,2.6,3.3,2.88,2.6,3.5,3,2.47,3.25,2.83,2.15,1.66,2.25,1.69,2.24,1.74,2.15,1.68,0,1.83,2.02,1.81,2.1,1.87,2.15,1.82,2.04
Main,England,League 2,2019/2020,03/08/2019,15:00,Northampton,Walsall,0,1,A,0,1,A,N Kinseley,13,10,3,3,10,21,5,4,2,4,0,0,2.4,3.6,3,2.3,3.5,2.9,2.3,3.15,2.8,2.41,3.32,3,2.35,3.4,2.9,2.45,3.4,3,2.45,3.6,3.08,2.36,3.35,2.91,2.05,1.75,2.02,1.81,2.08,1.85,2,1.79,-0.25,2.1,1.77,2.07,1.78,2.12,1.86,2.05,1.79,2.3,3.6,3.2,2.25,3.4,3,2.2,3.15,3,2.33,3.34,3.11,2.25,3.4,3.1,2.3,3.4,3.25,2.36,3.6,3.25,2.28,3.34,3.07,2.05,1.75,2.13,1.77,2.14,1.84,2.05,1.77,-0.25,2,1.85,2.03,1.87,2.05,1.92,1.98,1.86
Main,England,League 2,2019/2020,03/08/2019,15:00,Scunthorpe,Swindon,0,2,A,0,0,D,W Finnie,13,10,4,5,16,14,4,6,2,0,0,0,2.1,3.75,3.6,2,3.4,3.6,2,3.2,3.35,2.1,3.34,3.63,2.05,3.5,3.5,2.1,3.5,3.7,2.13,3.75,3.7,2.07,3.39,3.49,2,1.8,2,1.83,2.05,1.87,1.99,1.81,-0.5,2.1,1.77,2.1,1.76,2.13,1.84,2.07,1.77,2.2,3.6,3.4,2.15,3.4,3.2,2.1,3.15,3.1,2.12,3.47,3.43,2.25,3.5,3,2.3,3.4,3.13,2.4,3.64,3.7,2.19,3.37,3.23,2,1.8,2.01,1.88,2.04,1.89,1.98,1.82,-0.25,1.77,2.02,1.86,2.04,2.04,2.14,1.87,1.96
Main,England,League 2,2019/2020,10/08/2019,13:00,Grimsby,Bradford,1,1,D,0,0,D,B Toner,19,13,3,4,12,14,10,2,2,1,0,0,3.2,3.4,2.2,3.2,3.3,2.2,3.1,3.15,2.1,3.35,3.35,2.28,3.25,3.4,2.2,3.2,3.4,2.25,3.38,3.5,2.3,3.2,3.31,2.22,2.07,1.72,2.07,1.77,2.14,1.81,2.05,1.75,0.25,1.9,1.95,1.91,1.94,1.95,2,1.9,1.93,3.4,3.4,2.3,3.2,3.3,2.2,3,3.05,2.2,3.25,3.3,2.36,3.1,3.25,2.35,3.13,3.25,2.45,3.4,3.44,2.45,3.14,3.23,2.3,2.1,1.7,2.17,1.74,2.2,1.78,2.1,1.72,0.25,1.8,2.05,1.88,2.02,1.89,2.12,1.83,2
Main,England,League 2,2019/2020,10/08/2019,15:00,Cambridge,Newport County,0,0,D,0,0,D,M Edwards,9,13,2,4,6,10,4,7,1,1,0,0,2.87,3.4,2.37,2.8,3.2,2.5,2.75,3,2.4,2.96,3.21,2.6,2.8,3.25,2.5,2.9,3.4,2.45,2.96,3.4,2.6,2.85,3.18,2.5,2.2,1.65,2.24,1.65,2.3,1.7,2.21,1.64,0,2.05,1.8,2.05,1.79,2.13,1.84,2.05,1.8,3,3.4,2.5,2.8,3.2,2.5,2.75,3,2.4,3,3.16,2.6,2.88,3.2,2.5,3,3.2,2.55,3,3.4,2.6,2.88,3.15,2.5,2.25,1.61,2.37,1.63,2.37,1.67,2.25,1.62,0,2.05,1.8,2.09,1.81,2.12,1.84,2.07,1.79
Main,England,League 2,2019/2020,10/08/2019,15:00,Cheltenham,Scunthorpe,4,1,H,0,0,D,L Doughty,22,8,10,2,14,13,6,2,0,2,0,0,2.75,3.5,2.4,2.85,3.3,2.4,2.7,3.2,2.35,2.86,3.4,2.56,2.8,3.4,2.45,2.8,3.5,2.45,2.9,3.52,2.56,2.79,3.34,2.44,2,1.8,1.98,1.85,2.05,1.9,1.95,1.84,0.25,1.72,2.07,1.71,2.17,1.8,2.17,1.73,2.11,2.8,3.4,2.7,2.65,3.3,2.55,2.55,3,2.6,2.69,3.32,2.76,2.6,3.25,2.7,2.7,3.3,2.8,2.8,3.4,2.8,2.63,3.2,2.69,2.15,1.66,2.18,1.73,2.25,1.75,2.16,1.68,0,1.9,1.95,1.93,1.98,1.95,2,1.9,1.96
Main,England,League 2,2019/2020,10/08/2019,15:00,Crawley Town,Salford,2,0,H,1,0,H,G Salisbury,30,7,9,1,11,14,10,3,2,2,0,0,3.1,3.25,2.3,3,3.25,2.35,2.85,3.1,2.3,3.07,3.38,2.42,3,3.3,2.35,3,3.3,2.45,3.1,3.48,2.45,2.97,3.27,2.36,2.05,1.75,2.01,1.82,2.11,1.85,2.01,1.79,0.25,1.8,2.05,1.79,2.05,1.84,2.13,1.79,2.05,3.5,3.5,2.2,3.1,3.4,2.2,3.1,3.15,2.1,3.22,3.53,2.27,3.1,3.4,2.25,3.3,3.4,2.25,3.5,3.53,2.34,3.18,3.35,2.21,2,1.8,2.01,1.87,2.07,1.87,2,1.8,0.25,1.95,1.9,1.93,1.97,1.98,1.97,1.91,1.93
Main,England,League 2,2019/2020,10/08/2019,15:00,Macclesfield,Leyton Orient,3,0,H,1,0,H,A Haines,12,9,7,3,13,13,5,9,1,1,0,0,3,3.25,2.37,2.85,3.2,2.45,2.75,3.05,2.35,2.99,3.33,2.5,2.9,3.3,2.4,2.9,3.3,2.45,3,3.44,2.51,2.9,3.21,2.44,2.07,1.72,2.1,1.74,2.16,1.78,2.07,1.73,0.25,1.72,2.07,1.75,2.11,1.8,2.16,1.75,2.08,2.87,3.3,2.7,2.7,3.2,2.6,2.6,3.05,2.5,2.76,3.34,2.68,2.7,3.3,2.62,2.75,3.3,2.75,2.87,3.44,2.75,2.7,3.22,2.61,2.07,1.72,2.1,1.79,2.17,1.81,2.07,1.74,0,1.95,1.9,1.98,1.93,1.99,1.95,1.96,1.9
Main,England,League 2,2019/2020,10/08/2019,15:00,Mansfield,Morecambe,2,2,D,1,2,A,C Pollard,18,8,5,4,9,16,8,6,1,2,1,0,1.61,3.8,5.5,1.6,3.75,5.5,1.57,3.6,5.2,1.62,3.86,6.11,1.6,3.8,5.8,1.62,4,5.5,1.7,4,6.11,1.6,3.78,5.59,2.05,1.75,2.04,1.79,2.11,1.83,2.03,1.77,-0.75,1.8,2.05,1.8,2.05,1.86,2.11,1.79,2.06,1.57,4,7,1.6,3.75,5.5,1.55,3.6,5.4,1.59,4.01,6.25,1.6,3.8,5.8,1.65,3.8,5.75,1.65,4.01,7,1.59,3.79,5.85,2,1.8,2.04,1.85,2.08,1.86,2.01,1.79,-0.75,1.77,2.1,1.78,2.14,1.83,2.16,1.77,2.09
Main,England,League 2,2019/2020,10/08/2019,15:00,Oldham,Crewe,1,2,A,1,2,A,C Boyeson,13,16,3,8,15,7,11,5,2,1,0,0,2.62,3.5,2.5,2.6,3.4,2.55,2.6,3.15,2.5,2.77,3.36,2.66,2.7,3.4,2.55,2.75,3.5,2.5,2.77,3.52,2.67,2.67,3.31,2.57,2,1.8,1.97,1.85,2.04,1.89,1.96,1.83,0,2,1.85,1.96,1.88,2.04,1.92,1.97,1.87,2.87,3.4,2.6,2.75,3.25,2.5,2.7,3.1,2.4,2.89,3.43,2.52,2.8,3.25,2.5,2.9,3.3,2.5,2.91,3.43,2.61,2.8,3.26,2.49,2,1.8,2.04,1.84,2.06,1.88,1.99,1.81,0.25,1.72,2.07,1.75,2.17,1.81,2.2,1.72,2.14
Main,England,League 2,2019/2020,10/08/2019,15:00,Plymouth,Colchester,1,0,H,0,0,D,J Busby,10,13,2,4,6,12,2,5,1,1,0,0,2.1,3.4,3.4,2.1,3.4,3.3,2.05,3.25,3.2,2.13,3.59,3.47,2.1,3.5,3.4,2.15,3.5,3.4,2.15,3.68,3.54,2.1,3.43,3.37,1.85,1.95,1.86,1.97,1.95,1.99,1.86,1.93,-0.25,1.83,2.02,1.83,2.02,1.88,2.08,1.82,2.02,2.2,3.6,3.4,2.1,3.4,3.3,2.15,3.2,3.05,2.3,3.4,3.25,2.2,3.4,3.2,2.3,3.4,3.2,2.3,3.6,3.45,2.21,3.36,3.18,1.95,1.85,1.99,1.89,1.99,1.95,1.92,1.88,-0.25,1.95,1.9,1.99,1.91,2,1.96,1.94,1.9
Main,England,League 2,2019/2020,10/08/2019,15:00,Port Vale,Northampton,1,1,D,1,1,D,D Rock,16,10,7,4,11,20,7,9,1,5,0,0,2.45,3.25,2.87,2.55,3.2,2.75,2.45,3.05,2.65,2.63,3.27,2.87,2.55,3.25,2.75,2.55,3.25,2.88,2.63,3.4,2.88,2.54,3.2,2.79,2.1,1.7,2.13,1.72,2.19,1.77,2.1,1.71,0,1.8,2.05,1.83,2.01,1.88,2.09,1.82,2.03,2.5,3.4,3,2.55,3.2,2.75,2.4,3.05,2.75,2.52,3.29,2.99,2.5,3.2,2.88,2.6,3.2,2.9,2.6,3.4,3,2.48,3.2,2.87,2.2,1.65,2.24,1.69,2.3,1.73,2.18,1.67,-0.25,2.1,1.7,2.16,1.76,2.2,1.8,2.13,1.73
Main,England,League 2,2019/2020,10/08/2019,15:00,Stevenage,Exeter,0,1,A,0,0,D,A Coggins,7,11,1,4,13,8,4,4,1,2,0,0,2.75,3.3,2.5,2.6,3.25,2.65,2.7,2.95,2.5,2.9,3.18,2.66,2.8,3.2,2.55,2.75,3.3,2.6,2.9,3.3,2.7,2.77,3.13,2.59,2.25,1.61,2.3,1.62,2.38,1.67,2.26,1.62,0,2,1.85,2.01,1.83,2.05,1.9,2,1.85,2.9,3.3,2.62,2.65,3.1,2.7,2.7,2.9,2.5,2.9,3.07,2.74,2.8,3.1,2.62,2.88,3.1,2.7,2.9,3.3,2.74,2.79,3.06,2.62,2.35,1.57,2.43,1.6,2.45,1.64,2.32,1.58,0,1.98,1.88,2.01,1.89,2.04,1.91,1.98,1.87
Main,England,League 2,2019/2020,10/08/2019,15:00,Swindon,Carlisle,3,2,H,0,0,D,N Kinseley,20,6,9,4,11,13,9,3,2,1,0,1,1.9,3.5,4,1.91,3.5,3.8,1.85,3.35,3.7,1.96,3.74,3.9,1.88,3.6,4,1.95,3.6,3.9,1.97,3.74,4.1,1.92,3.54,3.83,2,1.8,1.94,1.89,2.03,1.92,1.94,1.85,-0.5,1.93,1.93,1.94,1.9,1.97,1.99,1.91,1.92,1.7,4,5.25,1.8,3.6,4.25,1.67,3.5,4.35,1.74,3.89,4.86,1.73,3.7,4.8,1.75,3.8,5,1.8,4,5.25,1.74,3.69,4.6,1.95,1.85,1.93,1.94,1.97,1.95,1.91,1.88,-0.75,1.93,1.93,1.99,1.91,2.02,1.96,1.95,1.89
Main,England,League 2,2019/2020,10/08/2019,15:00,Walsall,Forest Green,1,1,D,0,1,A,R Lewis,16,3,5,1,24,19,7,2,2,3,0,0,2.45,3.3,2.87,2.4,3.25,2.9,2.3,3.1,2.8,2.46,3.34,3.04,2.4,3.3,2.9,2.5,3.3,2.88,2.51,3.46,3.04,2.41,3.25,2.91,2.05,1.75,2.06,1.78,2.13,1.82,2.03,1.77,-0.25,2.1,1.77,2.08,1.77,2.16,1.83,2.09,1.77,2.3,3.4,3.4,2.25,3.3,3.1,2.2,2.95,3.15,2.34,3.33,3.26,2.25,3.2,3.25,2.3,3.3,3.4,2.37,3.4,3.4,2.27,3.2,3.23,2.3,1.6,2.43,1.6,2.5,1.67,2.32,1.59,-0.25,1.95,1.9,2.01,1.89,2.01,1.96,1.95,1.89
Main,England,League 2,2019/2020,17/08/2019,15:00,Bradford,Oldham,3,0,H,2,0,H,G Eltringham,12,13,4,3,9,16,6,11,1,1,0,0,1.85,3.6,4.75,1.8,3.5,4.4,1.7,3.4,4.35,1.78,3.73,4.8,1.78,3.6,4.5,1.83,3.6,4.8,1.89,3.76,4.8,1.78,3.59,4.48,2.05,1.75,1.97,1.86,2.07,1.88,2,1.8,-0.75,2,1.8,2.03,1.82,2.1,1.87,2.02,1.81,1.95,3.8,4,1.8,3.5,4.33,1.8,3.3,3.9,1.93,3.63,4.2,1.85,3.5,4.2,1.93,3.7,4.1,1.95,3.8,4.5,1.86,3.55,4.1,2.05,1.75,2.05,1.83,2.09,1.85,2.01,1.79,-0.5,1.88,1.98,1.93,1.98,1.94,2.02,1.87,1.96
Main,England,League 2,2019/2020,17/08/2019,15:00,Carlisle,Mansfield,0,2,A,0,2,A,C Boyeson,14,6,2,3,11,11,7,2,1,3,0,0,3,3.4,2.5,2.85,3.4,2.35,2.75,3.15,2.3,3.05,3.23,2.52,2.88,3.4,2.4,3,3.4,2.45,3.05,3.52,2.55,2.88,3.3,2.42,1.95,1.85,1.98,1.85,2.01,1.93,1.94,1.85,0.25,1.75,2.05,1.75,2.12,1.83,2.12,1.74,2.09,3,3.4,2.5,2.85,3.3,2.4,2.75,3.2,2.3,2.89,3.51,2.47,2.8,3.5,2.4,2.9,3.4,2.45,3,3.6,2.5,2.85,3.36,2.4,1.85,1.95,1.88,2,1.92,2,1.86,1.93,0.25,1.72,2.07,1.78,2.14,1.82,2.14,1.76,2.07
Main,England,League 2,2019/2020,17/08/2019,15:00,Colchester,Cambridge,1,2,A,1,0,H,A Coggins,15,6,3,3,16,13,4,2,0,2,0,0,1.95,3.4,4.5,1.83,3.3,4.5,1.8,3.2,4.05,1.91,3.43,4.58,1.88,3.4,4.2,1.91,3.5,4.4,2,3.54,4.58,1.89,3.35,4.26,2.2,1.65,2.19,1.68,2.25,1.73,2.17,1.67,-0.5,1.9,1.95,1.88,1.96,1.94,2.01,1.88,1.95,2.05,3.25,4.33,2,3.2,3.9,1.95,3,3.8,2.04,3.2,4.34,2,3.2,4,2.05,3.4,4,2.14,3.4,4.34,2.03,3.14,3.96,2.4,1.53,2.45,1.59,2.5,1.62,2.4,1.55,-0.5,2.02,1.83,2.04,1.86,2.07,1.86,2.03,1.81
Main,England,League 2,2019/2020,17/08/2019,15:00,Crewe,Walsall,1,0,H,0,0,D,A Young,12,10,4,2,12,13,8,11,1,2,1,0,2.25,3.5,3.4,2.1,3.3,3.4,2.05,3.2,3.2,2.27,3.23,3.51,2.15,3.4,3.3,2.2,3.4,3.4,2.3,3.54,3.51,2.17,3.29,3.34,2,1.8,2.03,1.8,2.07,1.87,1.99,1.8,-0.25,1.88,1.98,1.92,1.93,1.95,2.02,1.89,1.95,2.05,3.6,3.8,2.05,3.3,3.6,1.95,3.2,3.5,2.06,3.42,3.89,2,3.4,3.7,2.05,3.4,3.8,2.15,3.6,3.9,2.03,3.36,3.67,2,1.8,2.03,1.85,2.06,1.87,1.98,1.81,-0.5,2,1.85,2.06,1.84,2.1,1.9,2.02,1.81
Main,England,League 2,2019/2020,17/08/2019,15:00,Exeter,Swindon,1,1,D,0,0,D,C Sarginson,11,16,2,4,9,9,4,10,1,2,0,0,2.6,3.5,2.8,2.65,3.2,2.65,2.5,3,2.65,2.66,3.16,2.91,2.55,3.2,2.8,2.63,3.25,2.8,2.7,3.5,2.91,2.6,3.17,2.75,2.15,1.66,2.22,1.67,2.27,1.73,2.17,1.67,0,1.85,1.95,1.83,2.01,1.9,2.04,1.85,1.98,2.8,3.5,2.62,2.7,3.2,2.6,2.65,3.1,2.4,2.89,3.28,2.6,2.8,3.3,2.5,2.9,3.3,2.5,2.9,3.5,2.7,2.77,3.23,2.53,2.05,1.75,2.09,1.79,2.13,1.86,2.04,1.76,0,2.05,1.8,2.06,1.84,2.12,1.88,2.03,1.83
Main,England,League 2,2019/2020,17/08/2019,15:00,Forest Green,Grimsby,1,0,H,0,0,D,L Doughty,9,13,1,2,8,20,4,3,1,0,0,0,2.05,3.4,4.2,2,3.3,3.75,1.97,3.1,3.6,2.09,3.2,4.11,2.05,3.3,3.8,2.15,3.3,3.75,2.15,3.5,4.2,2.04,3.23,3.8,2.15,1.66,2.24,1.65,2.29,1.72,2.18,1.67,-0.5,2.05,1.8,2.06,1.79,2.12,1.85,2.05,1.79,2.45,3.1,3.4,2.25,3,3.4,2.25,2.95,3.1,2.42,3.06,3.4,2.25,3.2,3.25,2.3,3.2,3.5,2.45,3.34,3.5,2.32,3.03,3.29,2.3,1.6,2.43,1.6,2.43,1.66,2.31,1.6,-0.25,2.05,1.8,2.04,1.85,2.09,1.92,2,1.83
Main,England,League 2,2019/2020,17/08/2019,15:00,Leyton Orient,Stevenage,0,0,D,0,0,D,L Swabey,23,12,9,3,7,9,9,7,1,0,0,0,2.1,3.5,3.8,2,3.3,3.7,2,3.1,3.45,2.09,3.42,3.78,2.05,3.4,3.6,2.15,3.4,3.6,2.15,3.5,3.82,2.07,3.29,3.6,2.15,1.66,2.18,1.68,2.25,1.73,2.16,1.67,-0.25,1.83,2.02,1.77,2.08,1.86,2.13,1.81,2.04,2.1,3.5,3.8,2,3.3,3.7,2.05,3.05,3.35,2.17,3.36,3.63,2.1,3.3,3.6,2.15,3.4,3.6,2.19,3.5,3.8,2.1,3.27,3.55,2.25,1.61,2.31,1.66,2.32,1.69,2.23,1.64,-0.25,1.83,2.02,1.86,2.04,1.86,2.08,1.82,2.02
Main,England,League 2,2019/2020,17/08/2019,15:00,Morecambe,Cheltenham,0,0,D,0,0,D,D Rock,10,8,1,1,7,16,4,7,1,1,0,0,2.6,3.5,2.8,2.5,3.25,2.75,2.5,3.1,2.55,2.74,3.18,2.82,2.6,3.3,2.7,2.7,3.3,2.7,2.74,3.5,2.82,2.61,3.23,2.69,2,1.8,2.03,1.8,2.06,1.87,1.99,1.8,0,1.85,1.95,1.89,1.95,1.94,1.99,1.88,1.94,2.6,3.5,2.8,2.5,3.25,2.75,2.55,3.1,2.5,2.67,3.3,2.8,2.62,3.4,2.6,2.7,3.4,2.7,2.74,3.5,2.8,2.63,3.25,2.66,2,1.8,2.03,1.85,2.06,1.87,1.99,1.81,0,1.95,1.9,1.9,2,1.98,2.04,1.92,1.93
Main,England,League 2,2019/2020,17/08/2019,15:00,Newport County,Plymouth,1,0,H,0,0,D,P Wright,17,14,5,3,18,11,3,7,2,0,0,0,2.3,3.5,3.3,2.35,3.2,3,2.2,3.05,3,2.32,3.36,3.27,2.25,3.3,3.2,2.38,3.3,3.2,2.38,3.5,3.3,2.29,3.24,3.14,2.1,1.7,2.14,1.72,2.23,1.76,2.13,1.7,-0.25,2,1.85,1.97,1.88,2.04,1.93,1.98,1.86,2.5,3.4,3,2.45,3.2,2.85,2.25,3.1,2.9,2.44,3.55,2.91,2.45,3.4,2.8,2.45,3.3,3,2.6,3.55,3.02,2.4,3.29,2.91,2.1,1.7,2.14,1.76,2.2,1.78,2.11,1.71,-0.25,2.15,1.67,2.11,1.79,2.18,1.84,2.07,1.79
Main,England,League 2,2019/2020,17/08/2019,15:00,Northampton,Macclesfield,1,2,A,0,1,A,J Oldham,20,17,8,6,18,14,7,5,1,2,0,0,1.9,3.75,4.2,1.91,3.4,3.9,1.8,3.3,3.9,1.91,3.56,4.38,1.85,3.5,4.2,1.93,3.6,4.2,1.95,3.75,4.45,1.89,3.45,4.06,2.05,1.75,2.03,1.79,2.11,1.85,2.03,1.78,-0.5,1.9,1.95,1.88,1.97,1.95,2,1.89,1.94,1.85,3.8,4.5,1.85,3.5,4.1,1.75,3.35,4.1,1.83,3.79,4.43,1.8,3.6,4.4,1.87,3.6,4.5,1.87,3.8,4.55,1.82,3.59,4.24,2,1.8,2.01,1.87,2.07,1.88,2,1.8,-0.5,1.83,2.02,1.83,2.07,1.87,2.09,1.82,2.02
Main,England,League 2,2019/2020,17/08/2019,15:00,Salford,Port Vale,1,1,D,0,0,D,A Backhouse,12,13,2,6,7,10,3,7,3,0,0,0,2.15,3.5,3.6,2.05,3.3,3.6,2,3.1,3.4,2.09,3.38,3.84,2.1,3.3,3.6,2.15,3.4,3.6,2.19,3.5,3.84,2.1,3.29,3.56,2.15,1.66,2.18,1.69,2.25,1.74,2.16,1.68,-0.5,2.13,1.75,2.06,1.79,2.2,1.81,2.09,1.75,2.3,3.3,3.5,2.15,3.3,3.3,2.2,3.05,3.05,2.34,3.29,3.3,2.25,3.25,3.2,2.3,3.4,3.25,2.34,3.4,3.5,2.26,3.21,3.22,2.2,1.65,2.26,1.68,2.3,1.73,2.18,1.67,-0.25,1.98,1.88,2.01,1.89,2.04,1.95,1.96,1.87
Main,England,League 2,2019/2020,17/08/2019,15:00,Scunthorpe,Crawley Town,2,2,D,1,1,D,C Pollard,9,14,4,8,10,17,8,6,2,1,0,0,2,3.6,4,1.95,3.4,3.8,1.87,3.3,3.65,1.99,3.58,3.98,1.95,3.4,3.9,2,3.5,3.9,2.04,3.6,4.05,1.96,3.44,3.8,1.95,1.85,1.97,1.86,2.01,1.9,1.94,1.84,-0.5,1.98,1.88,1.96,1.88,2.02,1.95,1.96,1.88,2.4,3.5,3.1,2.25,3.4,3,2.25,3.15,2.85,2.37,3.49,3.06,2.35,3.4,2.9,2.45,3.4,3,2.47,3.58,3.1,2.34,3.35,2.96,1.95,1.85,2.02,1.86,2.03,1.91,1.95,1.85,-0.25,2.05,1.8,2.05,1.85,2.12,1.87,2.04,1.81
Main,England,League 2,2019/2020,20/08/2019,19:45,Cambridge,Scunthorpe,3,2,H,0,1,A,C Breakspear,23,6,7,3,14,20,7,4,3,2,0,1,2.45,3.3,3.2,2.35,3.1,3.1,2.2,3,3.05,2.4,3.13,3.36,2.3,3.2,3.2,2.4,3.2,3.25,2.45,3.36,3.36,2.33,3.11,3.19,2.2,1.65,2.27,1.66,2.3,1.7,2.21,1.65,-0.25,1.98,1.88,2.03,1.85,2.03,1.9,1.99,1.85,2.4,3.25,3.3,2.35,3.1,3.1,2.25,3,3,2.4,3.17,3.3,2.3,3.2,3.2,2.4,3.25,3.2,2.4,3.34,3.3,2.34,3.12,3.17,2.25,1.61,2.31,1.66,2.32,1.69,2.22,1.64,-0.25,2.02,1.83,2.05,1.85,2.06,1.88,2.01,1.83
Main,England,League 2,2019/2020,20/08/2019,19:45,Cheltenham,Carlisle,2,0,H,2,0,H,W Finnie,10,17,4,6,13,15,5,7,1,3,0,0,2.35,3.6,3.1,2.3,3.1,3.2,2.2,3.1,3,2.31,3.51,3.15,2.25,3.4,3.1,2.38,3.4,3.13,2.38,3.6,3.24,2.27,3.34,3.09,2,1.8,2.04,1.82,2.1,1.88,2.02,1.78,-0.25,1.98,1.88,1.99,1.88,2.03,1.92,1.97,1.87,2.35,3.6,3.1,2.25,3.3,3.1,2.2,3.15,3,2.3,3.51,3.16,2.25,3.4,3.1,2.3,3.4,3.2,2.35,3.6,3.24,2.26,3.37,3.07,2,1.8,2.07,1.81,2.07,1.89,2,1.81,-0.25,1.98,1.88,2,1.9,2.03,1.94,1.96,1.87
Main,England,League 2,2019/2020,20/08/2019,19:45,Crawley Town,Crewe,1,2,A,1,1,D,T Nield,14,16,3,10,14,5,7,7,1,0,0,0,2.7,3.5,2.7,2.65,3.2,2.6,2.55,3.2,2.45,2.7,3.54,2.62,2.62,3.5,2.55,2.75,3.5,2.6,2.85,3.64,2.7,2.66,3.39,2.54,1.8,2,1.82,2.04,1.9,2.05,1.83,1.96,0,1.98,1.88,1.97,1.91,2.06,1.93,1.99,1.87,2.8,3.5,2.6,2.65,3.3,2.55,2.55,3.25,2.4,2.75,3.52,2.59,2.62,3.6,2.5,2.75,3.5,2.55,2.8,3.68,2.6,2.66,3.43,2.51,1.7,2.1,1.77,2.12,1.8,2.15,1.75,2.06,0,1.98,1.88,2.01,1.89,2.03,1.93,1.98,1.87
Main,England,League 2,2019/2020,20/08/2019,19:45,Grimsby,Colchester,2,2,D,0,2,A,R Lewis,10,12,4,6,18,14,7,3,2,1,0,0,2.75,3.3,2.8,2.6,3.1,2.75,2.55,2.9,2.65,2.68,3.33,2.77,2.62,3.2,2.7,2.7,3.2,2.88,2.76,3.33,2.88,2.62,3.14,2.74,2.35,1.57,2.46,1.57,2.47,1.62,2.36,1.57,0,1.85,2,1.91,1.98,1.93,2.03,1.87,1.98,2.62,3.3,2.9,2.65,3,2.8,2.5,2.9,2.7,2.6,3.34,2.85,2.55,3.2,2.8,2.63,3.25,2.9,2.7,3.34,2.92,2.58,3.14,2.8,2.35,1.57,2.48,1.57,2.48,1.62,2.37,1.57,0,1.83,2.02,1.85,2.04,1.88,2.13,1.84,2.02
Main,England,League 2,2019/2020,20/08/2019,19:45,Macclesfield,Morecambe,0,1,A,0,0,D,P Marsden,12,12,5,2,12,16,6,1,2,3,0,0,2.25,3.4,3.5,2.3,3.2,3.1,2.15,3.05,3.15,2.28,3.29,3.42,2.2,3.3,3.3,2.3,3.3,3.4,2.3,3.42,3.5,2.24,3.21,3.27,2.15,1.66,2.2,1.69,2.25,1.73,2.16,1.67,-0.25,1.93,1.93,1.95,1.93,1.96,1.97,1.92,1.92,2.25,3.4,3.5,2.3,3.2,3.1,2.2,3.05,3.05,2.35,3.29,3.28,2.3,3.25,3.2,2.38,3.25,3.25,2.38,3.4,3.5,2.28,3.21,3.19,2.15,1.66,2.22,1.71,2.24,1.73,2.16,1.68,-0.25,1.98,1.88,2.01,1.88,2.04,1.92,1.98,1.86
Main,England,League 2,2019/2020,20/08/2019,19:45,Mansfield,Leyton Orient,2,3,A,2,0,H,S Stockbridge,14,11,6,5,15,17,2,7,1,2,0,0,1.9,3.7,4.33,1.85,3.6,4,1.8,3.35,3.95,1.9,3.64,4.29,1.88,3.6,4,1.93,3.6,4.2,1.97,3.74,4.33,1.87,3.53,4.07,1.95,1.85,2,1.87,2.01,1.93,1.93,1.86,-0.5,1.88,1.98,1.89,1.99,1.9,2.04,1.86,1.97,1.95,3.6,4.2,1.85,3.6,4,1.85,3.3,3.75,1.97,3.48,4.19,1.95,3.5,3.8,1.95,3.6,4,2.02,3.68,4.4,1.92,3.46,3.96,1.95,1.85,2.01,1.87,2.03,1.92,1.95,1.85,-0.5,1.95,1.9,1.97,1.93,1.98,1.97,1.92,1.92
Main,England,League 2,2019/2020,20/08/2019,19:45,Oldham,Exeter,0,0,D,0,0,D,G Salisbury,14,13,3,3,18,6,7,10,2,0,0,0,2.9,3.4,2.6,2.7,3.2,2.6,2.7,3.1,2.4,2.84,3.38,2.55,2.8,3.3,2.5,2.9,3.3,2.55,2.9,3.46,2.6,2.79,3.27,2.5,2.05,1.75,2.05,1.81,2.1,1.83,2.02,1.78,0,2.05,1.8,2.05,1.83,2.11,1.87,2.04,1.82,2.9,3.4,2.6,2.75,3.25,2.5,2.7,3.1,2.4,2.76,3.37,2.63,2.8,3.3,2.5,2.8,3.4,2.6,2.91,3.48,2.63,2.76,3.28,2.52,2.05,1.75,2.06,1.82,2.09,1.86,2.01,1.79,0,2.02,1.83,2,1.9,2.11,1.91,2.02,1.84
Main,England,League 2,2019/2020,20/08/2019,19:45,Plymouth,Salford,2,2,D,1,1,D,S Purkiss,27,12,5,7,7,9,11,5,1,2,0,0,2,3.6,4,1.95,3.25,4,1.87,3.25,3.7,1.99,3.66,3.89,1.95,3.5,3.8,2,3.5,4,2.02,3.66,4,1.95,3.46,3.81,2,1.8,2.02,1.84,2.09,1.86,2.02,1.79,-0.5,1.95,1.9,1.98,1.91,2,1.95,1.94,1.89,1.9,3.75,4.2,1.9,3.4,4,1.8,3.35,3.85,1.91,3.74,4.11,1.88,3.6,4,1.91,3.6,4.3,1.95,3.75,4.3,1.89,3.54,3.96,1.95,1.85,2.01,1.87,2.05,1.92,1.97,1.83,-0.5,1.88,1.98,1.91,1.99,1.95,2.02,1.88,1.95
Main,England,League 2,2019/2020,20/08/2019,19:45,Port Vale,Forest Green,2,1,H,2,1,H,R Joyce,18,8,9,4,10,10,4,4,2,1,0,0,2,3.5,4.2,1.95,3.3,3.9,1.95,3.05,3.75,2.08,3.29,3.99,2,3.3,3.9,2.1,3.3,3.9,2.1,3.5,4.2,2.02,3.24,3.87,2.35,1.57,2.43,1.58,2.46,1.62,2.36,1.57,-0.5,2.05,1.8,2.07,1.81,2.11,1.85,2.03,1.81,2.15,3.3,3.9,2.05,3.2,3.75,1.97,3,3.7,2.03,3.32,4.14,2,3.25,4,2.05,3.3,4.1,2.15,3.42,4.2,2.02,3.2,3.85,2.4,1.53,2.42,1.6,2.47,1.62,2.37,1.56,-0.5,2,1.85,2.03,1.86,2.08,1.9,2.01,1.83
Main,England,League 2,2019/2020,20/08/2019,19:45,Stevenage,Bradford,0,1,A,0,1,A,C Pollard,17,9,3,2,14,17,5,4,0,2,0,0,3.5,3.3,2.3,3.2,3.1,2.3,3.1,3.05,2.15,3.32,3.4,2.27,3.25,3.25,2.25,3.4,3.3,2.3,3.5,3.4,2.32,3.22,3.24,2.25,2.15,1.66,2.2,1.7,2.25,1.74,2.16,1.68,0.25,1.9,1.95,1.93,1.95,1.96,1.99,1.9,1.93,3.5,3.3,2.3,3.3,3.2,2.2,3.25,3.05,2.1,3.48,3.41,2.2,3.4,3.3,2.15,3.4,3.4,2.25,3.52,3.46,2.3,3.34,3.26,2.18,2.1,1.7,2.2,1.72,2.23,1.74,2.14,1.69,0.25,1.98,1.88,2,1.9,2.03,1.95,1.95,1.88
Main,England,League 2,2019/2020,20/08/2019,19:45,Swindon,Northampton,0,1,A,0,0,D,C Hicks,14,4,2,1,13,14,10,3,2,2,0,0,1.9,3.75,4.2,1.83,3.5,4.2,1.83,3.3,3.9,1.93,3.58,4.24,1.88,3.6,4,1.93,3.6,4.2,1.94,3.75,4.5,1.89,3.5,4.04,2,1.8,2.02,1.84,2.1,1.88,2,1.8,-0.5,1.9,1.95,1.93,1.96,1.95,2,1.89,1.94,1.9,3.75,4.2,1.83,3.5,4.2,1.83,3.35,3.8,1.93,3.56,4.25,1.88,3.6,4,1.95,3.6,4,1.97,3.75,4.5,1.89,3.52,3.99,1.95,1.85,1.99,1.88,2.1,1.91,1.97,1.83,-0.5,1.93,1.93,1.93,1.97,1.97,1.97,1.91,1.93
Main,England,League 2,2019/2020,20/08/2019,19:45,Walsall,Newport County,0,0,D,0,0,D,D Handley,5,7,1,1,14,15,3,2,2,4,0,0,2.3,3.4,3.4,2.4,3.1,3,2.25,3.05,2.9,2.42,3.26,3.17,2.35,3.25,3.1,2.45,3.25,3.1,2.45,3.4,3.4,2.36,3.18,3.08,2.15,1.66,2.18,1.7,2.25,1.74,2.15,1.69,-0.25,2.05,1.8,2.06,1.82,2.11,1.88,2.04,1.8,2.4,3.4,3.2,2.4,3.1,3,2.25,3.05,3,2.38,3.24,3.27,2.3,3.3,3.1,2.4,3.3,3.2,2.4,3.4,3.27,2.34,3.17,3.11,2.15,1.66,2.23,1.7,2.25,1.73,2.16,1.68,-0.25,2,1.85,2.03,1.86,2.06,1.91,2,1.84
Main,England,League 2,2019/2020,24/08/2019,15:00,Bradford,Forest Green,0,1,A,0,0,D,A Haines,16,9,3,4,18,14,5,3,5,4,0,1,1.8,3.6,4.5,1.78,3.5,4.5,1.8,3.35,3.85,1.83,3.89,4.32,1.8,3.7,4.2,1.85,3.7,4.2,1.9,3.89,4.5,1.83,3.62,4.13,2,1.8,1.92,1.92,2.03,1.94,1.93,1.86,-0.5,1.85,2,1.8,2.04,1.91,2.04,1.84,2,1.8,3.8,4.75,1.78,3.5,4.5,1.73,3.4,4.15,1.81,3.76,4.57,1.78,3.7,4.33,1.87,3.7,4.4,1.87,3.84,4.75,1.79,3.63,4.34,1.95,1.85,1.98,1.9,2,1.94,1.93,1.86,-0.75,2.05,1.75,2.09,1.81,2.09,1.88,2.03,1.8
Main,England,League 2,2019/2020,24/08/2019,15:00,Cambridge,Oldham,1,2,A,1,1,D,S Oldham,22,7,5,3,3,19,7,2,0,4,0,0,2.1,3.4,3.4,2.2,3.4,3.1,2.1,3.2,3.15,2.2,3.53,3.35,2.15,3.5,3.25,2.2,3.5,3.25,2.25,3.58,3.4,2.16,3.39,3.25,2,1.8,1.97,1.85,2.05,1.89,1.98,1.82,-0.25,1.88,1.98,1.88,1.96,1.93,2.02,1.87,1.96,2.05,3.6,3.8,2.05,3.4,3.5,2.05,3.15,3.25,2.2,3.38,3.5,2.1,3.4,3.4,2.15,3.5,3.5,2.21,3.6,3.8,2.1,3.33,3.46,2.05,1.75,2.11,1.78,2.11,1.85,2.03,1.77,-0.25,1.85,2,1.89,2,1.92,2.1,1.84,2
Main,England,League 2,2019/2020,24/08/2019,15:00,Carlisle,Salford,2,2,D,2,2,D,P Marsden,17,11,6,3,13,12,7,5,0,1,0,0,2.5,3.3,2.75,2.5,3.25,2.75,2.45,3.1,2.6,2.65,3.38,2.76,2.55,3.4,2.7,2.55,3.4,2.75,2.88,3.5,2.76,2.57,3.28,2.69,2,1.8,2,1.83,2.05,1.89,1.98,1.81,0,1.85,2,1.88,1.96,1.93,2.03,1.88,1.97,2.45,3.6,2.9,2.4,3.4,2.75,2.25,3.3,2.75,2.51,3.46,2.88,2.4,3.6,2.75,2.45,3.6,2.88,2.51,3.7,2.9,2.39,3.44,2.8,1.72,2.07,1.83,2.05,2.04,2.14,1.76,2.05,-0.25,2.02,1.77,2.16,1.76,2.16,1.83,2.09,1.76
Main,England,League 2,2019/2020,24/08/2019,15:00,Cheltenham,Swindon,2,2,D,2,2,D,T Kettle,11,10,4,5,13,6,7,4,1,2,0,1,3.1,3.4,2.25,2.9,3.4,2.3,2.95,3.15,2.2,3.15,3.53,2.31,3.1,3.4,2.25,3.13,3.4,2.3,3.2,3.54,2.35,3.05,3.36,2.27,2,1.8,1.98,1.85,2.07,1.88,1.98,1.82,0.25,1.9,1.95,1.87,1.97,1.94,2.01,1.86,1.96,3.4,3.6,2.2,3.1,3.4,2.2,3.05,3.2,2.1,3.34,3.55,2.2,3.2,3.4,2.2,3.3,3.5,2.25,3.4,3.6,2.26,3.19,3.4,2.19,1.95,1.85,2.06,1.83,2.09,1.94,1.95,1.85,0.25,1.93,1.93,1.99,1.92,1.99,1.97,1.93,1.91
Main,England,League 2,2019/2020,24/08/2019,15:00,Colchester,Northampton,1,0,H,0,0,D,O Yates,18,14,4,6,12,12,8,7,0,2,0,0,2.2,3.4,3.2,2.25,3.4,3,2.1,3.15,3.1,2.24,3.52,3.28,2.2,3.4,3.2,2.25,3.4,3.2,2.28,3.54,3.34,2.21,3.37,3.16,2,1.8,1.97,1.85,2.07,1.88,1.98,1.81,-0.25,1.93,1.93,1.92,1.93,1.98,1.99,1.92,1.92,2.1,3.6,3.75,2,3.5,3.5,2,3.2,3.35,2.11,3.49,3.64,2.05,3.5,3.5,2.15,3.5,3.5,2.15,3.64,3.75,2.06,3.4,3.52,2,1.8,2,1.88,2.04,1.89,1.97,1.83,-0.25,1.83,2.02,1.82,2.08,1.86,2.13,1.8,2.05
Main,England,League 2,2019/2020,24/08/2019,15:00,Grimsby,Port Vale,5,2,H,1,1,D,W Finnie,12,6,5,3,14,14,3,2,2,2,0,0,2.15,3.6,3.1,2.2,3.5,3,2.15,3.15,3.1,2.24,3.52,3.29,2.2,3.4,3.2,2.3,3.4,3.13,2.32,3.6,3.38,2.21,3.37,3.15,2.05,1.75,2.08,1.76,2.19,1.81,2.06,1.75,-0.25,1.93,1.93,1.92,1.93,2.01,1.97,1.93,1.9,2.87,3.3,2.7,2.65,3.25,2.6,2.65,2.95,2.55,2.83,3.3,2.65,2.75,3.2,2.6,2.88,3.2,2.7,2.9,3.3,2.7,2.74,3.16,2.62,2.35,1.57,2.27,1.68,2.41,1.69,2.28,1.62,0,1.98,1.88,2.02,1.88,2.07,1.93,1.98,1.86
Main,England,League 2,2019/2020,24/08/2019,15:00,Leyton Orient,Crawley Town,2,3,A,1,1,D,B Huxtable,20,15,7,5,14,19,8,5,3,3,0,0,2.15,3.3,3.4,2.1,3.3,3.4,2.1,3.15,3.1,2.27,3.3,3.43,2.25,3.25,3.25,2.3,3.3,3.25,2.33,3.5,3.43,2.21,3.27,3.24,2,1.8,2.03,1.8,2.08,1.86,2,1.8,-0.25,1.93,1.93,1.93,1.93,1.98,2.01,1.93,1.91,2.3,3.75,3.1,2.35,3.25,2.95,2.2,3.25,2.85,2.33,3.56,3.08,2.3,3.4,3,2.4,3.5,3,2.41,3.75,3.1,2.3,3.41,2.98,1.8,2,1.84,2.04,1.9,2.08,1.82,1.97,-0.25,2.02,1.83,2.02,1.88,2.09,1.88,2.01,1.83
Main,England,League 2,2019/2020,24/08/2019,15:00,Macclesfield,Scunthorpe,1,0,H,0,0,D,J Adcock,12,20,5,2,11,13,8,4,2,2,0,0,2.8,3.5,2.37,2.9,3.4,2.3,2.75,3.2,2.3,3.07,3.4,2.41,3,3.3,2.35,2.9,3.4,2.4,3.1,3.5,2.45,2.9,3.34,2.36,1.9,1.9,1.91,1.93,1.95,1.98,1.88,1.91,0.25,1.72,2.07,1.8,2.04,1.84,2.13,1.78,2.06,2.2,3.6,3.4,2.3,3.4,2.95,2.15,3.25,2.9,2.25,3.6,3.19,2.25,3.4,3.1,2.3,3.5,3.13,2.34,3.6,3.4,2.24,3.42,3.06,1.8,2,1.89,1.99,1.91,2.03,1.85,1.94,-0.25,1.97,1.82,1.96,1.93,2.01,1.95,1.95,1.88
Main,England,League 2,2019/2020,24/08/2019,15:00,Mansfield,Stevenage,0,0,D,0,0,D,M Edwards,22,4,7,2,7,10,10,4,0,2,0,0,1.8,3.6,4.33,1.75,3.6,4.6,1.7,3.5,4.35,1.78,3.81,4.7,1.78,3.6,4.5,1.8,3.6,4.6,1.85,3.81,4.75,1.76,3.63,4.51,1.95,1.85,1.94,1.89,2.01,1.92,1.93,1.86,-0.75,1.98,1.88,2.02,1.83,2.06,1.92,1.99,1.85,1.8,3.8,4.75,1.75,3.6,4.5,1.63,3.6,4.55,1.7,3.98,5,1.7,3.8,4.75,1.8,3.8,4.75,1.82,4,5,1.72,3.75,4.67,1.8,2,1.87,2.02,1.9,2.05,1.83,1.96,-0.75,1.93,1.93,1.94,1.96,2,2.02,1.92,1.92
Main,England,League 2,2019/2020,24/08/2019,15:00,Morecambe,Exeter,2,3,A,1,2,A,T Nield,15,10,2,5,10,6,5,9,0,0,0,1,2.8,3.4,2.4,2.8,3.4,2.4,2.7,3.1,2.4,2.86,3.31,2.61,2.8,3.3,2.5,2.88,3.3,2.55,2.88,3.44,2.65,2.78,3.26,2.51,2,1.8,2.11,1.74,2.11,1.86,2.01,1.79,0,2.05,1.8,2.01,1.83,2.11,1.88,2.03,1.83,3.2,3.6,2.3,3,3.4,2.25,2.95,3.1,2.2,3.26,3.43,2.29,3.2,3.3,2.25,3.3,3.3,2.3,3.3,3.6,2.4,3.13,3.29,2.28,2.1,1.7,2.17,1.74,2.19,1.81,2.09,1.73,0.25,1.9,1.95,1.92,1.98,1.96,2.02,1.88,1.94
Main,England,League 2,2019/2020,24/08/2019,15:00,Newport County,Crewe,1,0,H,0,0,D,L Doughty,7,12,3,3,10,10,2,11,0,1,0,0,2.37,3.4,2.87,2.35,3.4,2.85,2.3,3.1,2.8,2.44,3.39,3.04,2.35,3.4,2.9,2.45,3.4,2.9,2.47,3.52,3.05,2.38,3.32,2.89,2.05,1.75,2,1.83,2.11,1.86,2,1.8,-0.25,2.1,1.77,2.07,1.78,2.13,1.85,2.07,1.78,2.4,3.6,3,2.35,3.4,2.85,2.35,3.2,2.65,2.55,3.47,2.82,2.45,3.5,2.75,2.55,3.5,2.8,2.55,3.6,3,2.44,3.39,2.77,1.85,1.95,1.93,1.96,1.94,1.99,1.88,1.92,-0.25,2.1,1.7,2.2,1.74,2.21,1.8,2.13,1.73
Main,England,League 2,2019/2020,24/08/2019,15:00,Plymouth,Walsall,3,0,H,1,0,H,J Smith,13,10,5,3,19,15,4,6,1,4,1,0,2,3.5,3.6,2,3.4,3.6,1.93,3.3,3.45,1.97,3.71,3.92,1.95,3.6,3.7,2,3.6,3.6,2.02,3.8,4,1.97,3.5,3.67,1.9,1.9,1.88,1.95,1.96,1.98,1.88,1.91,-0.5,2,1.85,1.94,1.91,2.04,1.91,1.97,1.86,2.05,3.7,3.75,1.95,3.5,3.75,1.93,3.3,3.45,2.01,3.58,3.87,2,3.5,3.6,2.1,3.6,3.6,2.1,3.72,3.9,1.99,3.48,3.65,1.85,1.95,1.94,1.94,1.95,1.99,1.89,1.9,-0.5,2.02,1.83,2.01,1.88,2.07,1.88,2,1.84
Main,England,League 2,2019/2020,31/08/2019,15:00,Crawley Town,Cheltenham,1,0,H,0,0,D,B Toner,15,5,4,1,11,17,11,2,2,1,0,0,2.1,3.4,3.4,2.15,3.5,3.1,2.1,3.3,3.05,2.17,3.79,3.22,2.15,3.6,3.2,2.2,3.6,3.3,2.25,3.79,3.4,2.15,3.51,3.17,1.8,2,1.74,2.11,1.87,2.11,1.79,2.01,-0.25,1.88,1.98,1.88,1.97,1.95,2.02,1.88,1.96,2.25,3.6,3.25,2.15,3.5,3.1,2.1,3.35,2.95,2.24,3.68,3.16,2.2,3.5,3.1,2.25,3.6,3.2,2.28,3.68,3.26,2.19,3.5,3.11,1.8,2,1.86,2.02,1.86,2.08,1.8,2,-0.25,1.93,1.93,1.95,1.94,1.98,1.96,1.92,1.92
Main,England,League 2,2019/2020,31/08/2019,15:00,Crewe,Bradford,2,1,H,1,1,D,D Handley,17,14,5,2,16,12,12,5,4,0,0,0,2.25,3.5,3,2.3,3.4,2.9,2.2,3.2,2.85,2.35,3.56,3.04,2.3,3.4,3,2.38,3.5,3.1,2.38,3.62,3.1,2.29,3.43,2.97,1.85,1.95,1.84,1.98,1.95,2,1.87,1.93,-0.25,2.02,1.83,2.01,1.83,2.03,1.89,2,1.84,2.05,3.8,3.6,2.05,3.55,3.35,1.93,3.4,3.35,2.06,3.78,3.51,2,3.6,3.5,2.1,3.6,3.5,2.1,3.8,3.6,2.03,3.6,3.41,1.75,2.05,1.77,2.13,1.83,2.13,1.77,2.04,-0.25,1.75,2.05,1.79,2.11,1.82,2.14,1.78,2.07
Main,England,League 2,2019/2020,31/08/2019,15:00,Exeter,Mansfield,1,0,H,1,0,H,N Kinseley,8,9,4,0,11,12,3,6,2,1,0,1,2.37,3.25,3,2.45,3.25,2.8,2.3,3.1,2.8,2.47,3.3,3.06,2.4,3.3,2.9,2.5,3.3,3,2.5,3.44,3.06,2.42,3.24,2.9,2.05,1.75,2.12,1.72,2.16,1.81,2.05,1.76,-0.25,2.05,1.75,2.09,1.77,2.14,1.82,2.08,1.76,2.3,3.5,3.25,2.3,3.3,3,2.2,3.1,3,2.36,3.39,3.16,2.3,3.3,3.1,2.4,3.4,3.1,2.4,3.5,3.25,2.31,3.29,3.05,2.05,1.75,2.1,1.79,2.17,1.83,2.04,1.76,-0.25,2,1.85,2.04,1.86,2.08,1.9,2.02,1.83
Main,England,League 2,2019/2020,31/08/2019,15:00,Forest Green,Newport County,0,2,A,0,1,A,J Adcock,13,16,2,5,7,21,4,6,1,3,1,0,2.55,3.4,2.7,2.55,3.25,2.7,2.55,2.95,2.65,2.8,3.27,2.7,2.7,3.25,2.62,2.63,3.4,2.75,2.8,3.4,2.8,2.63,3.2,2.68,2.25,1.61,2.22,1.67,2.3,1.7,2.21,1.65,0,1.9,1.95,1.96,1.88,1.98,2.01,1.91,1.95,2.9,3.25,2.7,2.65,3.2,2.65,2.7,2.95,2.45,2.95,3.13,2.66,2.88,3.1,2.55,2.9,3.2,2.63,2.95,3.25,2.7,2.82,3.11,2.58,2.25,1.61,2.47,1.58,2.47,1.68,2.28,1.61,0,2.05,1.8,2.05,1.85,2.09,1.89,2.02,1.84
Main,England,League 2,2019/2020,31/08/2019,15:00,Northampton,Plymouth,3,1,H,3,1,H,S Stockbridge,19,14,10,2,15,10,3,6,3,2,0,0,2.5,3.3,2.75,2.6,3.25,2.65,2.45,3.2,2.55,2.65,3.58,2.64,2.55,3.5,2.62,2.63,3.4,2.75,2.68,3.58,2.75,2.56,3.39,2.64,1.9,1.9,1.87,1.96,1.95,1.98,1.88,1.91,0,1.9,1.95,1.93,1.93,1.95,2.02,1.9,1.96,2.5,3.6,2.87,2.6,3.25,2.65,2.4,3.25,2.55,2.56,3.6,2.73,2.45,3.5,2.7,2.55,3.5,2.8,2.6,3.66,2.87,2.5,3.44,2.67,1.8,2,1.81,2.07,1.87,2.08,1.8,1.99,0,1.85,2,1.88,2.02,1.9,2.06,1.86,2
Main,England,League 2,2019/2020,31/08/2019,15:00,Oldham,Colchester,0,1,A,0,1,A,J Smith,14,8,3,3,18,13,4,4,2,2,0,0,3.1,3.3,2.3,3,3.25,2.35,2.95,3.05,2.25,3.16,3.3,2.41,3,3.3,2.35,3,3.3,2.45,3.2,3.44,2.45,3.03,3.25,2.34,2.07,1.72,2.11,1.74,2.16,1.79,2.07,1.73,0.25,1.8,2.05,1.81,2.03,1.85,2.08,1.81,2.02,3.4,3.5,2.25,3.2,3.2,2.25,3.1,3.05,2.15,3.32,3.32,2.31,3.2,3.2,2.3,3.3,3.3,2.3,3.4,3.5,2.38,3.21,3.24,2.25,2.25,1.61,2.34,1.64,2.35,1.75,2.23,1.64,0.25,1.9,1.95,1.92,1.99,1.95,1.99,1.88,1.95
Main,England,League 2,2019/2020,31/08/2019,15:00,Port Vale,Cambridge,1,0,H,0,0,D,J Oldham,9,3,5,0,16,14,8,2,1,3,0,0,1.9,3.5,4,2,3.4,3.6,1.93,3.15,3.65,2.02,3.54,3.91,2,3.4,3.8,2.05,3.5,3.9,2.05,3.54,4,1.98,3.38,3.78,2.1,1.7,2.19,1.68,2.22,1.76,2.13,1.7,-0.5,1.95,1.85,1.99,1.85,2.04,1.89,1.98,1.84,2.05,3.6,3.8,2,3.4,3.6,1.97,3.15,3.5,2,3.63,3.88,2,3.4,3.7,2.1,3.5,3.7,2.1,3.63,3.88,2.01,3.4,3.68,2.1,1.7,2.18,1.73,2.23,1.76,2.12,1.7,-0.5,2.05,1.8,2,1.9,2.08,1.92,1.99,1.84
Main,England,League 2,2019/2020,31/08/2019,15:00,Salford,Leyton Orient,1,1,D,1,0,H,M Edwards,8,13,3,2,16,11,2,6,3,0,0,0,2.15,3.4,3.3,2.15,3.4,3.25,2.1,3.25,3.05,2.19,3.59,3.34,2.15,3.5,3.2,2.25,3.5,3.2,2.25,3.59,3.38,2.17,3.43,3.21,1.8,2,1.82,2.01,1.9,2.04,1.83,1.96,-0.25,1.93,1.93,1.88,1.97,1.95,1.99,1.9,1.94,2.1,3.6,3.6,2.15,3.4,3.25,2.05,3.3,3.1,2.22,3.55,3.31,2.15,3.5,3.2,2.25,3.5,3.25,2.25,3.6,3.6,2.15,3.45,3.23,1.8,2,1.79,2.09,1.87,2.1,1.79,2.01,-0.25,1.9,1.95,1.93,1.97,1.96,2.01,1.89,1.95
Main,England,League 2,2019/2020,31/08/2019,15:00,Scunthorpe,Carlisle,0,1,A,0,0,D,S Purkiss,16,3,4,2,9,22,14,1,1,6,0,0,2.1,3.3,3.5,2.15,3.4,3.2,2.15,3.2,3.05,2.18,3.59,3.36,2.15,3.4,3.3,2.2,3.5,3.4,2.28,3.59,3.5,2.18,3.38,3.23,1.95,1.85,1.9,1.93,2.02,1.97,1.92,1.87,-0.25,1.95,1.85,1.87,1.98,1.95,2,1.88,1.94,2.15,3.5,3.6,2.15,3.4,3.2,2.15,3.3,2.95,2.22,3.65,3.21,2.2,3.5,3.1,2.25,3.5,3.2,2.34,3.67,3.6,2.18,3.46,3.15,1.8,2,1.83,2.06,1.89,2.06,1.81,1.98,-0.25,1.93,1.93,1.94,1.96,1.97,2.01,1.91,1.92
Main,England,League 2,2019/2020,31/08/2019,15:00,Stevenage,Macclesfield,2,2,D,0,1,A,S Oldham,22,9,8,5,14,11,9,4,1,4,0,0,2.45,3.4,2.8,2.45,3.3,2.75,2.45,3,2.7,2.6,3.38,2.83,2.55,3.25,2.8,2.6,3.4,2.8,2.65,3.4,2.9,2.51,3.26,2.78,2.1,1.7,2.23,1.66,2.27,1.73,2.16,1.67,0,1.88,1.98,1.84,2.01,1.91,2.08,1.85,2.01,2.55,3.3,3,2.45,3.3,2.75,2.4,3.05,2.75,2.52,3.4,2.9,2.5,3.25,2.8,2.55,3.3,2.9,2.6,3.4,3,2.47,3.27,2.82,2.1,1.7,2.17,1.74,2.2,1.75,2.12,1.7,0,1.8,2.05,1.81,2.09,1.84,2.13,1.8,2.07
Main,England,League 2,2019/2020,31/08/2019,15:00,Swindon,Morecambe,3,1,H,3,1,H,D Drysdale,13,12,4,2,8,8,4,6,0,0,0,0,1.57,4,5.5,1.6,3.9,5.25,1.55,3.65,5.2,1.62,3.98,5.84,1.62,3.8,5.5,1.65,4,5.75,1.71,4.05,6,1.61,3.88,5.42,1.95,1.85,1.92,1.92,2,1.94,1.93,1.86,-0.75,1.77,2.1,1.79,2.05,1.86,2.13,1.79,2.06,1.57,4.33,6.5,1.53,4.1,5.75,1.5,3.8,5.5,1.56,4.27,6.06,1.53,4.2,6,1.55,4.2,6.5,1.61,4.35,6.5,1.54,4.08,5.93,1.85,1.95,1.94,1.94,1.95,1.99,1.88,1.91,-1,1.93,1.93,1.99,1.91,2,2,1.94,1.89
Main,England,League 2,2019/2020,31/08/2019,15:00,Walsall,Grimsby,1,3,A,1,1,D,D Rock,12,14,7,7,13,15,7,3,1,1,0,0,2.1,3.4,3.4,2.15,3.3,3.3,2.2,3,3.1,2.36,3.28,3.27,2.25,3.25,3.2,2.3,3.4,3.25,2.36,3.4,3.4,2.25,3.22,3.21,2.15,1.66,2.24,1.65,2.3,1.74,2.19,1.65,-0.25,1.95,1.9,1.99,1.85,2.01,1.93,1.96,1.87,2.45,3.25,3.2,2.25,3.2,3.2,2.3,2.95,3,2.46,3.22,3.15,2.4,3.2,3,2.5,3.2,3.1,2.5,3.3,3.25,2.37,3.13,3.09,2.35,1.57,2.39,1.62,2.45,1.64,2.31,1.59,-0.25,2.1,1.77,2.09,1.81,2.16,1.83,2.05,1.8
Main,England,League 2,2019/2020,07/09/2019,15:00,Bradford,Northampton,2,1,H,0,1,A,L Doughty,15,6,6,3,11,16,10,2,1,4,1,0,2.15,3.5,3.6,2.1,3.4,3.3,2.05,3.2,3.3,2.15,3.41,3.6,2.05,3.5,3.5,2.15,3.5,3.5,2.15,3.62,3.75,2.1,3.35,3.45,2.05,1.75,1.97,1.85,2.06,1.88,1.99,1.79,-0.25,1.85,2,1.83,2.02,1.88,2.1,1.83,2.01,2.1,3.5,3.75,2.1,3.4,3.3,2.05,3.25,3.2,2.19,3.49,3.42,2.15,3.3,3.4,2.2,3.5,3.3,2.23,3.51,3.75,2.12,3.39,3.36,1.85,1.95,1.96,1.92,1.97,1.98,1.88,1.91,-0.25,1.88,1.98,1.9,2,1.92,2.04,1.86,1.98
Main,England,League 2,2019/2020,07/09/2019,15:00,Cambridge,Forest Green,0,1,A,0,0,D,A Backhouse,18,10,3,2,8,14,5,4,2,3,0,0,2.37,3.5,3.1,2.35,3.2,3,2.25,2.95,3.05,2.36,3.3,3.24,2.3,3.25,3.2,2.38,3.4,3.13,2.45,3.5,3.28,2.33,3.19,3.11,2.3,1.6,2.37,1.59,2.43,1.64,2.32,1.58,-0.25,2.02,1.83,2,1.85,2.05,1.87,1.99,1.83,2.5,3.3,3.1,2.35,3.2,3,2.3,2.95,3,2.42,3.19,3.25,2.35,3.2,3.1,2.45,3.3,3.1,2.5,3.34,3.25,2.38,3.14,3.08,2.25,1.61,2.27,1.68,2.35,1.69,2.24,1.63,-0.25,2.05,1.8,2.06,1.84,2.1,1.85,2.04,1.8
Main,England,League 2,2019/2020,07/09/2019,15:00,Carlisle,Exeter,1,3,A,0,1,A,J Simpson,14,17,4,9,14,14,4,5,2,0,0,0,2.87,3.4,2.6,2.75,3.4,2.45,2.7,3.1,2.4,2.91,3.41,2.51,2.8,3.4,2.45,2.88,3.4,2.55,2.95,3.48,2.6,2.8,3.28,2.48,2.05,1.75,2,1.83,2.08,1.85,2,1.79,0,2.02,1.83,2.07,1.78,2.1,1.87,2.02,1.82,3.2,3.3,2.5,2.8,3.25,2.45,2.75,3.05,2.4,2.96,3.19,2.61,2.88,3.2,2.5,2.9,3.3,2.55,3.2,3.3,2.61,2.88,3.16,2.5,2.1,1.7,2.19,1.72,2.23,1.76,2.11,1.71,0,2.05,1.8,2.08,1.83,2.12,1.85,2.06,1.8
Main,England,League 2,2019/2020,07/09/2019,15:00,Cheltenham,Stevenage,4,2,H,1,0,H,C Boyeson,12,12,7,3,12,13,4,0,0,0,0,0,2.15,3.4,3.75,2.1,3.25,3.5,2.05,3.1,3.4,2.14,3.43,3.61,2.05,3.4,3.6,2.1,3.4,3.75,2.15,3.52,3.75,2.1,3.29,3.52,2.15,1.66,2.09,1.75,2.22,1.77,2.12,1.69,-0.25,1.8,2.05,1.82,2.03,1.85,2.09,1.8,2.03,2.15,3.4,3.8,2,3.4,3.6,2,3.15,3.4,2.18,3.29,3.66,2.1,3.25,3.6,2.15,3.4,3.6,2.2,3.5,3.8,2.09,3.3,3.55,2.1,1.7,2.14,1.76,2.17,1.78,2.08,1.73,-0.25,1.83,2.02,1.87,2.03,1.87,2.1,1.82,2.03
Main,England,League 2,2019/2020,07/09/2019,15:00,Colchester,Walsall,0,0,D,0,0,D,B Huxtable,10,8,5,3,14,11,5,4,0,2,0,0,2.05,3.3,4.2,1.95,3.3,3.9,1.87,3.15,3.9,2,3.38,4.22,2,3.25,4,2,3.4,4.2,2.08,3.4,4.22,1.98,3.26,3.96,2.3,1.6,2.32,1.61,2.39,1.65,2.29,1.6,-0.5,1.98,1.88,1.97,1.88,2.01,1.92,1.97,1.86,2.05,3.3,4.2,1.95,3.3,3.9,1.93,3.1,3.8,2.04,3.31,4.13,2,3.25,3.9,2.05,3.4,4,2.05,3.4,4.3,1.99,3.26,3.95,2.15,1.66,2.34,1.64,2.36,1.67,2.26,1.62,-0.5,2,1.85,2.04,1.86,2.06,1.9,1.99,1.85
Main,England,League 2,2019/2020,07/09/2019,15:00,Grimsby,Crewe,0,2,A,0,0,D,A Coggins,6,18,3,6,13,9,7,7,1,2,0,0,2.87,3.4,2.6,2.75,3.3,2.5,2.65,3.15,2.45,2.81,3.55,2.52,2.7,3.4,2.5,2.8,3.4,2.6,2.87,3.55,2.6,2.75,3.33,2.5,2,1.8,1.96,1.87,2.03,1.9,1.95,1.84,0,2,1.85,2.03,1.82,2.07,1.88,2.01,1.83,2.9,3.5,2.55,2.75,3.3,2.5,2.65,3.2,2.35,2.82,3.55,2.51,2.75,3.5,2.45,2.9,3.5,2.45,2.9,3.62,2.6,2.78,3.39,2.45,1.8,2,1.85,2.03,1.89,2.06,1.83,1.97,0,2.1,1.77,2.07,1.83,2.13,1.85,2.07,1.79
Main,England,League 2,2019/2020,07/09/2019,15:00,Leyton Orient,Swindon,1,3,A,0,3,A,K Johnson,9,13,4,5,16,7,3,7,3,1,0,0,3.1,3.5,2.37,3.1,3.4,2.2,2.85,3.15,2.25,3.03,3.51,2.38,3,3.4,2.3,3,3.5,2.4,3.1,3.54,2.41,2.97,3.36,2.33,2,1.8,1.96,1.87,2.05,1.9,1.97,1.83,0.25,1.8,2.05,1.81,2.03,1.85,2.09,1.8,2.02,3.1,3.5,2.37,3,3.4,2.25,2.85,3.15,2.25,3.01,3.5,2.4,2.9,3.4,2.35,3,3.5,2.4,3.15,3.58,2.43,2.95,3.37,2.34,1.85,1.95,1.95,1.93,1.96,1.99,1.9,1.9,0.25,1.8,2.05,1.83,2.07,1.85,2.09,1.81,2.03
Main,England,League 2,2019/2020,07/09/2019,15:00,Macclesfield,Crawley Town,1,1,D,1,0,H,C Breakspear,8,19,4,5,16,12,8,7,4,3,0,0,2.87,3.4,2.6,2.55,3.4,2.6,2.6,3.15,2.45,2.76,3.54,2.56,2.7,3.4,2.5,2.75,3.4,2.63,2.87,3.54,2.65,2.68,3.34,2.53,1.95,1.85,1.91,1.93,2.01,1.94,1.93,1.86,0,1.98,1.88,2,1.85,2.03,1.91,1.98,1.86,2.9,3.3,2.62,2.7,3.5,2.4,2.7,3.2,2.35,2.85,3.53,2.5,2.8,3.4,2.45,2.88,3.5,2.5,2.9,3.58,2.62,2.78,3.38,2.45,1.85,1.95,1.93,1.95,1.95,2.03,1.88,1.91,0,2.05,1.8,2.08,1.82,2.11,1.86,2.06,1.8
Main,England,League 2,2019/2020,07/09/2019,15:00,Mansfield,Scunthorpe,2,0,H,1,0,H,J Busby,12,11,4,1,14,13,2,5,1,4,0,0,1.9,3.6,4.5,1.95,3.3,4,1.83,3.35,3.8,1.97,3.45,4.25,1.88,3.6,4,1.95,3.6,4,2,3.74,4.5,1.92,3.42,3.98,2,1.8,1.99,1.84,2.03,1.91,1.96,1.83,-0.5,1.9,1.95,1.94,1.91,1.99,1.96,1.93,1.9,2.1,3.5,3.8,2.05,3.3,3.6,1.97,3.3,3.35,2.14,3.42,3.62,2.1,3.4,3.5,2.1,3.5,3.5,2.15,3.54,4,2.08,3.37,3.52,1.8,2,1.84,2.04,1.89,2.09,1.83,1.97,-0.5,2.1,1.77,2.14,1.78,2.14,1.84,2.08,1.77
Main,England,League 2,2019/2020,07/09/2019,15:00,Morecambe,Salford,2,2,D,0,1,A,J Smith,14,28,7,11,13,7,6,4,1,0,0,0,2.87,3.4,2.6,2.7,3.3,2.5,2.65,3.05,2.5,2.72,3.39,2.69,2.7,3.25,2.6,2.8,3.4,2.6,2.87,3.4,2.73,2.7,3.24,2.59,2.07,1.72,2.17,1.69,2.2,1.78,2.1,1.72,0,2,1.85,1.93,1.92,2.02,1.94,1.96,1.88,3,3.6,2.4,2.9,3.3,2.35,2.75,3.2,2.3,3,3.37,2.47,2.9,3.3,2.4,3.1,3.5,2.38,3.15,3.6,2.55,2.92,3.31,2.39,1.8,2,1.89,1.99,1.9,2.06,1.83,1.96,0.25,1.75,2.05,1.79,2.12,1.82,2.17,1.78,2.06
Main,England,League 2,2019/2020,07/09/2019,15:00,Newport County,Port Vale,1,0,H,0,0,D,C Pollard,20,12,4,1,13,21,3,4,1,2,0,0,2.25,3.4,3.5,2.1,3.2,3.5,2.1,3,3.25,2.29,3.12,3.61,2.2,3.25,3.4,2.25,3.4,3.4,2.31,3.4,3.75,2.2,3.16,3.43,2.25,1.61,2.32,1.61,2.36,1.67,2.26,1.61,-0.25,1.9,1.95,1.92,1.93,1.93,2.01,1.89,1.94,2.25,3.4,3.5,2.1,3.2,3.5,2.1,2.95,3.35,2.25,3.18,3.63,2.15,3.25,3.5,2.2,3.4,3.5,2.25,3.4,3.7,2.18,3.17,3.48,2.35,1.57,2.44,1.6,2.45,1.64,2.34,1.58,-0.25,1.9,1.95,1.92,1.98,1.95,2.01,1.87,1.96
Main,England,League 2,2019/2020,07/09/2019,15:00,Plymouth,Oldham,2,2,D,1,1,D,W Finnie,17,13,8,4,7,17,2,5,4,5,0,0,1.75,4,5,1.75,3.6,4.6,1.7,3.5,4.3,1.76,3.94,4.61,1.73,3.8,4.5,1.75,4,4.75,1.83,4,5,1.74,3.76,4.5,1.9,1.9,1.94,1.88,1.97,1.95,1.91,1.88,-0.75,2.05,1.8,1.99,1.86,2.05,1.95,1.96,1.87,1.7,4.2,5,1.67,3.75,5,1.6,3.8,4.45,1.68,4.12,4.95,1.62,4,5.25,1.67,4.2,5,1.7,4.25,5.4,1.65,4.02,4.81,1.66,2.15,1.72,2.2,1.73,2.35,1.67,2.17,-0.75,1.83,2.02,1.89,2,1.89,2.07,1.82,2.01
Main,England,League 2,2019/2020,14/09/2019,15:00,Crawley Town,Mansfield,1,0,H,0,0,D,S Oldham,19,20,5,6,16,11,7,5,2,1,0,0,2.5,3.6,2.9,2.5,3.3,2.7,2.4,3.15,2.65,2.46,3.61,2.84,2.45,3.5,2.75,2.5,3.5,2.8,2.6,3.61,2.9,2.47,3.38,2.76,1.95,1.85,1.94,1.88,2.03,1.9,1.95,1.83,0,1.83,2.02,1.78,2.07,1.88,2.08,1.82,2.02,2.87,3.5,2.55,2.6,3.3,2.6,2.65,3.15,2.4,2.83,3.41,2.58,2.75,3.4,2.5,2.8,3.4,2.55,2.87,3.54,2.7,2.71,3.34,2.53,1.85,1.95,1.95,1.93,1.96,1.98,1.89,1.89,0,2.02,1.83,2.04,1.85,2.09,1.92,2,1.85
Main,England,League 2,2019/2020,14/09/2019,15:00,Crewe,Cambridge,2,3,A,0,1,A,D Rock,12,7,7,3,11,20,9,0,0,3,1,0,1.8,3.75,5,1.7,3.8,4.6,1.7,3.35,4.4,1.77,3.76,4.87,1.73,3.6,5,1.75,3.6,5,1.81,3.8,5.4,1.75,3.59,4.68,2.1,1.7,2.1,1.74,2.2,1.78,2.1,1.72,-0.75,2,1.8,2.01,1.83,2.04,1.88,1.99,1.83,1.7,3.8,5.75,1.65,3.75,5,1.6,3.65,4.7,1.66,4,5.33,1.63,3.8,5.5,1.65,4,5.25,1.7,4,5.75,1.65,3.82,5.08,1.8,2,1.9,1.98,1.93,2.06,1.85,1.95,-0.75,1.85,2,1.88,2.02,1.89,2.08,1.84,1.99
Main,England,League 2,2019/2020,14/09/2019,15:00,Exeter,Leyton Orient,2,2,D,1,1,D,P Wright,21,7,8,2,12,21,9,2,0,6,0,0,1.95,3.6,4.2,2,3.4,3.6,1.9,3.2,3.65,1.98,3.63,3.95,1.95,3.5,3.9,1.95,3.5,4,2.01,3.63,4.2,1.96,3.44,3.81,2.05,1.75,2.11,1.73,2.14,1.81,2.05,1.75,-0.5,1.95,1.85,1.95,1.89,2,1.92,1.94,1.87,1.75,3.8,5.25,1.75,3.5,4.75,1.65,3.45,4.7,1.72,3.87,5.08,1.7,3.7,5,1.73,3.8,5,1.76,3.87,5.25,1.71,3.67,4.81,2.05,1.75,2.11,1.78,2.13,1.83,2.05,1.75,-0.75,1.98,1.88,1.97,1.93,2.01,1.99,1.93,1.9
Main,England,League 2,2019/2020,14/09/2019,15:00,Forest Green,Colchester,1,0,H,1,0,H,W Finnie,13,12,4,1,5,13,4,8,3,3,0,0,2.9,3.4,2.6,2.7,3.3,2.5,2.7,2.95,2.5,2.85,3.34,2.6,2.8,3.2,2.55,2.8,3.4,2.55,2.91,3.4,2.63,2.79,3.18,2.55,2.25,1.61,2.19,1.68,2.38,1.7,2.24,1.63,0,2,1.85,2.01,1.83,2.07,1.91,2.01,1.84,3.1,3.3,2.5,2.95,3,2.5,2.9,2.9,2.4,3.14,3.06,2.57,3,3.1,2.45,3,3.25,2.5,3.14,3.3,2.6,3.02,3.05,2.48,2.4,1.53,2.47,1.58,2.55,1.71,2.39,1.56,0.25,1.77,2.1,1.76,2.17,1.83,2.2,1.74,2.11
Main,England,League 2,2019/2020,14/09/2019,15:00,Northampton,Newport County,2,0,H,1,0,H,A Young,12,3,4,0,15,13,5,3,1,0,0,1,2.62,3.5,2.8,2.5,3.3,2.75,2.45,3.15,2.6,2.69,3.16,2.88,2.55,3.3,2.75,2.55,3.5,2.7,2.69,3.5,2.88,2.57,3.21,2.75,2,1.8,2.08,1.76,2.1,1.85,2.01,1.78,0,1.85,2,1.85,1.99,1.9,2.05,1.85,1.99,2.62,3.5,2.8,2.5,3.3,2.75,2.4,3.1,2.7,2.51,3.18,3.11,2.5,3.3,2.8,2.5,3.5,2.8,2.62,3.5,3.11,2.5,3.21,2.83,2,1.8,2.12,1.78,2.12,1.85,2.01,1.78,-0.25,2.1,1.7,2.13,1.78,2.22,1.81,2.14,1.72
Main,England,League 2,2019/2020,14/09/2019,15:00,Oldham,Grimsby,2,2,D,1,0,H,S Purkiss,16,15,4,4,20,12,5,4,1,4,0,0,2.8,3.4,2.7,2.65,3.2,2.6,2.55,3.05,2.55,2.74,3.48,2.62,2.7,3.3,2.6,2.75,3.3,2.63,2.8,3.48,2.7,2.67,3.27,2.61,2.1,1.7,2.09,1.75,2.16,1.79,2.07,1.73,0,1.95,1.9,1.97,1.88,2.01,1.94,1.94,1.9,2.7,3.4,2.8,2.65,3.2,2.6,2.5,3.05,2.65,2.63,3.32,2.83,2.6,3.25,2.75,2.55,3.4,2.8,2.7,3.4,2.84,2.59,3.21,2.72,2.15,1.66,2.25,1.69,2.25,1.76,2.13,1.69,0,1.85,2,1.88,2.02,1.92,2.05,1.87,1.98
Main,England,League 2,2019/2020,14/09/2019,15:00,Port Vale,Plymouth,1,0,H,0,0,D,M Edwards,15,14,4,3,10,11,8,5,1,2,0,0,2.62,3.5,2.8,2.55,3.25,2.7,2.4,3.1,2.65,2.59,3.38,2.84,2.5,3.4,2.75,2.5,3.5,2.8,2.62,3.5,2.88,2.51,3.27,2.77,2.05,1.75,2.05,1.78,2.09,1.83,2.02,1.78,0,1.83,2.02,1.83,2.01,1.87,2.08,1.82,2.03,2.37,3.5,3.1,2.4,3.3,2.85,2.15,3.25,2.95,2.35,3.39,3.19,2.25,3.5,3,2.38,3.5,3,2.4,3.62,3.19,2.29,3.34,3.03,1.85,1.95,1.89,1.99,1.92,2,1.86,1.93,-0.25,2,1.85,2.02,1.88,2.04,1.92,1.98,1.85
Main,England,League 2,2019/2020,14/09/2019,15:00,Salford,Cheltenham,0,2,A,0,1,A,C Hicks,9,5,4,3,12,14,3,3,1,1,0,0,2.1,3.75,3.6,2.1,3.4,3.3,2,3.2,3.3,2.1,3.5,3.65,2.05,3.5,3.5,2.1,3.6,3.4,2.15,3.75,3.66,2.07,3.41,3.47,2,1.8,1.98,1.85,2.06,1.88,1.97,1.82,-0.25,1.83,2.02,1.79,2.06,1.87,2.12,1.8,2.03,2.25,3.6,3.25,2.1,3.4,3.3,2.1,3.2,3.05,2.19,3.54,3.37,2.2,3.4,3.2,2.25,3.6,3.1,2.29,3.6,3.55,2.17,3.4,3.22,1.95,1.85,1.95,1.93,1.97,1.93,1.92,1.87,-0.25,1.95,1.9,1.9,2,1.99,2.02,1.91,1.93
Main,England,League 2,2019/2020,14/09/2019,15:00,Scunthorpe,Morecambe,3,0,H,3,0,H,N Kinseley,16,10,8,7,13,10,6,3,1,0,0,0,2.05,3.5,4,2.1,3.4,3.3,2,3.2,3.3,2.14,3.49,3.56,2.05,3.5,3.5,2.1,3.5,3.5,2.14,3.62,4,2.07,3.42,3.46,2,1.8,2,1.83,2.04,1.88,1.97,1.81,-0.25,1.75,2.05,1.82,2.03,1.83,2.1,1.79,2.04,1.75,3.8,5.25,1.75,3.6,4.6,1.67,3.5,4.4,1.76,3.84,4.78,1.73,3.75,4.6,1.75,3.8,4.75,1.83,3.9,5.25,1.75,3.69,4.53,1.95,1.85,1.96,1.92,2.01,1.92,1.93,1.86,-0.75,1.98,1.88,2.02,1.88,2.04,1.92,1.98,1.85
Main,England,League 2,2019/2020,14/09/2019,15:00,Stevenage,Carlisle,2,3,A,1,1,D,M Coy,14,12,6,4,10,12,6,3,1,3,0,0,2.62,3.5,2.8,2.65,3.3,2.55,2.45,3.15,2.55,2.62,3.44,2.77,2.5,3.4,2.7,2.6,3.4,2.75,2.65,3.55,2.9,2.56,3.33,2.68,1.9,1.9,1.93,1.91,1.96,1.97,1.9,1.89,0,1.88,1.98,1.87,1.98,1.92,2.01,1.87,1.97,2.4,3.6,3,2.4,3.3,2.85,2.25,3.25,2.8,2.37,3.54,3.02,2.35,3.4,2.9,2.3,3.6,3,2.45,3.6,3.05,2.35,3.42,2.89,1.8,2,1.86,2.02,1.88,2.1,1.8,2,-0.25,2.02,1.83,2.06,1.84,2.08,1.9,2.03,1.81
Main,England,League 2,2019/2020,14/09/2019,15:00,Swindon,Macclesfield,3,0,H,2,0,H,L Doughty,15,7,8,2,13,13,7,2,0,2,0,0,1.57,4.5,6,1.57,4,5.5,1.53,3.8,5.3,1.58,4.33,5.74,1.57,4.2,5.5,1.57,4.2,5.75,1.63,4.5,6,1.56,4.12,5.56,1.85,1.95,1.8,2.03,1.9,2.06,1.82,1.97,-1,1.95,1.85,1.99,1.85,2.04,1.9,1.97,1.85,1.44,4.75,8,1.5,4.25,6,1.41,4.15,6.2,1.45,4.79,6.92,1.44,4.5,7,1.44,4.75,7,1.5,4.79,8,1.44,4.46,6.77,1.8,2,1.81,2.08,1.84,2.12,1.78,2.01,-1.25,2,1.8,2.03,1.87,2.12,1.9,2.01,1.82
Main,England,League 2,2019/2020,14/09/2019,15:00,Walsall,Bradford,0,1,A,0,0,D,A Backhouse,19,11,6,4,11,14,2,6,1,1,0,0,2.7,3.5,2.7,2.6,3.2,2.7,2.55,3,2.6,2.68,3.47,2.68,2.62,3.4,2.62,2.63,3.4,2.7,2.85,3.5,2.75,2.64,3.26,2.64,2.1,1.7,2.13,1.72,2.22,1.76,2.13,1.69,0,1.93,1.93,1.93,1.93,1.96,1.97,1.92,1.92,2.55,3.5,2.87,2.6,3.2,2.7,2.5,3,2.65,2.61,3.4,2.8,2.55,3.4,2.7,2.55,3.5,2.75,2.66,3.5,2.87,2.55,3.25,2.74,2.1,1.7,2.18,1.73,2.22,1.75,2.14,1.69,0,1.85,2,1.88,2.02,1.9,2.04,1.86,1.99
Main,England,League 2,2019/2020,17/09/2019,19:45,Carlisle,Forest Green,0,0,D,0,0,D,M Salisbury,10,8,2,4,18,10,7,6,4,1,0,1,2.4,3.5,3.1,2.3,3.3,3,2.3,3.2,2.75,2.43,3.36,3.07,2.38,3.25,3,2.45,3.4,2.9,2.48,3.5,3.13,2.38,3.28,2.94,1.85,1.95,1.94,1.92,1.95,1.98,1.9,1.9,-0.25,2.05,1.8,2.08,1.81,2.11,1.84,2.06,1.79,2.4,3.5,3.1,2.3,3.3,3,2.25,3.15,2.8,2.43,3.41,3.03,2.38,3.25,3,2.45,3.4,2.9,2.55,3.5,3.13,2.38,3.3,2.93,1.85,1.95,1.93,1.95,1.96,2,1.89,1.9,-0.25,2.1,1.77,2.09,1.81,2.13,1.85,2.07,1.78
Main,England,League 2,2019/2020,17/09/2019,19:45,Cheltenham,Bradford,3,2,H,0,0,D,S Purkiss,13,13,4,5,9,13,5,6,1,4,0,0,2.9,3.3,2.62,2.75,3.2,2.55,2.6,3.05,2.5,2.84,3.26,2.66,2.75,3.3,2.55,2.8,3.25,2.63,2.9,3.45,2.66,2.75,3.2,2.58,2.05,1.75,2.09,1.78,2.13,1.84,2.06,1.75,0,1.98,1.88,2.01,1.88,2.03,1.92,1.98,1.87,2.9,3.3,2.62,2.75,3.2,2.55,2.65,3.05,2.45,2.82,3.22,2.71,2.7,3.25,2.6,2.8,3.25,2.63,2.9,3.42,2.71,2.73,3.17,2.61,2.05,1.75,2.14,1.76,2.16,1.79,2.07,1.74,0,1.98,1.88,1.99,1.91,2.03,1.92,1.97,1.88
Main,England,League 2,2019/2020,17/09/2019,19:45,Crawley Town,Plymouth,2,2,D,1,0,H,D Rock,12,14,3,8,13,9,4,13,1,0,0,0,2.7,3.8,2.55,2.65,3.3,2.6,2.55,3.45,2.35,2.71,3.69,2.53,2.62,3.7,2.45,2.75,3.7,2.45,2.75,3.84,2.6,2.62,3.56,2.49,1.6,2.3,1.61,2.38,1.64,2.41,1.6,2.3,0,2,1.85,2.01,1.87,2.07,1.92,1.98,1.86,2.6,3.75,2.7,2.5,3.3,2.75,2.4,3.4,2.5,2.56,3.72,2.66,2.45,3.7,2.6,2.5,3.6,2.7,2.6,3.84,2.75,2.49,3.54,2.62,1.61,2.25,1.63,2.37,1.68,2.37,1.62,2.26,0,1.85,2,1.91,1.99,1.91,2.04,1.88,1.98
Main,England,League 2,2019/2020,17/09/2019,19:45,Exeter,Port Vale,2,0,H,0,0,D,A Young,19,11,7,3,7,8,9,4,0,4,0,0,2.1,3.5,3.75,1.95,3.4,3.8,1.93,3.15,3.65,2.02,3.49,3.97,1.95,3.4,3.9,2,3.4,3.9,2.1,3.54,4.05,1.99,3.36,3.78,2.15,1.66,2.18,1.71,2.25,1.74,2.15,1.68,-0.5,2,1.85,2.01,1.87,2.04,1.9,1.99,1.84,1.95,3.5,4.33,1.95,3.4,3.75,1.87,3.15,3.85,2,3.46,4.1,1.95,3.4,4,2,3.4,4,2.01,3.5,4.33,1.96,3.33,3.94,2.35,1.57,2.43,1.6,2.43,1.67,2.31,1.59,-0.5,1.98,1.88,2,1.9,2.03,1.92,1.97,1.87
Main,England,League 2,2019/2020,17/09/2019,19:45,Leyton Orient,Crewe,1,2,A,1,1,D,J Smith,14,9,5,4,12,10,4,8,2,0,0,0,3.4,3.75,2.15,3.3,3.3,2.15,3.15,3.35,2.05,3.34,3.63,2.17,3.25,3.6,2.1,3.4,3.5,2.15,3.4,3.75,2.19,3.26,3.48,2.13,1.8,2,1.79,2.08,1.87,2.09,1.79,2.01,0.25,2.02,1.83,2,1.88,2.06,1.91,1.99,1.84,3.4,3.75,2.15,3.3,3.3,2.15,3.05,3.35,2.1,3.3,3.61,2.2,3.2,3.5,2.15,3.13,3.6,2.25,3.4,3.75,2.25,3.21,3.48,2.15,1.75,2.05,1.79,2.1,1.83,2.13,1.76,2.04,0.25,1.93,1.93,1.99,1.92,2,1.98,1.94,1.89
Main,England,League 2,2019/2020,17/09/2019,19:45,Macclesfield,Newport County,1,1,D,1,1,D,G Salisbury,24,13,9,3,11,12,5,6,2,4,0,0,3.6,3.4,2.2,3.1,3.25,2.25,3.2,3.05,2.1,3.33,3.46,2.25,3.3,3.3,2.2,3.4,3.3,2.25,3.6,3.46,2.3,3.29,3.27,2.2,2.15,1.66,2.23,1.68,2.27,1.72,2.18,1.66,0.25,1.95,1.9,1.95,1.93,1.99,1.95,1.93,1.9,3.5,3.5,2.2,3.25,3.25,2.2,3.3,3.1,2.05,3.49,3.57,2.14,3.4,3.4,2.1,3.5,3.5,2.1,3.56,3.57,2.21,3.37,3.34,2.14,2.15,1.66,2.22,1.7,2.27,1.73,2.17,1.67,0.25,2.02,1.83,2.05,1.85,2.07,1.95,2,1.84
Main,England,League 2,2019/2020,17/09/2019,19:45,Mansfield,Cambridge,0,4,A,0,0,D,D Handley,15,14,1,5,16,12,6,5,2,3,1,0,1.9,3.7,4.33,1.83,3.5,4.25,1.83,3.3,3.85,1.95,3.5,4.26,1.91,3.4,4.2,1.95,3.5,4,1.99,3.7,4.45,1.9,3.45,4.06,2,1.8,2.04,1.83,2.05,1.9,1.97,1.83,-0.5,1.9,1.95,1.94,1.94,1.96,1.98,1.9,1.93,1.9,3.6,4.5,1.83,3.5,4.25,1.83,3.25,3.9,1.93,3.5,4.32,1.88,3.4,4.2,1.91,3.6,4.1,1.95,3.6,4.5,1.89,3.42,4.13,2.1,1.7,2.12,1.77,2.19,1.85,2.06,1.75,-0.5,1.93,1.93,1.93,1.96,1.96,2,1.9,1.93
Main,England,League 2,2019/2020,17/09/2019,19:45,Morecambe,Walsall,0,1,A,0,1,A,J Oldham,5,15,0,5,16,13,6,8,1,1,0,0,3.1,3.4,2.45,3,3.2,2.35,2.95,3.05,2.25,3.2,3.37,2.35,3.1,3.3,2.3,3.1,3.3,2.38,3.22,3.5,2.45,3.08,3.24,2.32,2.1,1.7,2.17,1.72,2.2,1.77,2.11,1.71,0.25,1.83,2.02,1.87,2.01,1.87,2.08,1.83,2,3,3.3,2.55,3,3.2,2.35,2.85,3,2.35,2.83,3.35,2.61,2.88,3.2,2.5,2.9,3.25,2.55,3,3.4,2.61,2.86,3.2,2.48,2.15,1.66,2.27,1.68,2.29,1.73,2.17,1.67,0.25,1.67,2.15,1.71,2.24,1.81,2.25,1.72,2.14
Main,England,League 2,2019/2020,17/09/2019,19:45,Salford,Grimsby,1,0,H,1,0,H,C Sarginson,10,16,2,2,6,8,2,9,0,1,0,0,2.4,3.5,3.1,2.35,3.3,2.95,2.25,3.3,2.75,2.42,3.42,3.04,2.3,3.6,2.9,2.38,3.6,2.88,2.42,3.72,3.1,2.34,3.4,2.92,1.72,2.07,1.76,2.11,1.79,2.16,1.73,2.08,-0.25,2.05,1.8,2.07,1.81,2.09,1.88,2.04,1.8,2.45,3.4,3.1,2.35,3.3,2.95,2.25,3.15,2.85,2.43,3.28,3.15,2.35,3.25,3.1,2.45,3.4,2.9,2.45,3.4,3.2,2.36,3.23,3.02,1.95,1.85,1.94,1.94,2,1.97,1.9,1.89,-0.25,2.05,1.8,2.08,1.83,2.11,1.87,2.04,1.8
Main,England,League 2,2019/2020,17/09/2019,19:45,Scunthorpe,Oldham,2,2,D,0,0,D,D Drysdale,21,10,4,4,8,14,5,5,5,5,0,0,2.1,3.7,3.6,2.1,3.4,3.3,1.97,3.3,3.3,2.08,3.63,3.58,2.1,3.5,3.4,2.1,3.6,3.4,2.16,3.7,3.65,2.07,3.47,3.42,1.85,1.95,1.86,2,1.91,2.02,1.85,1.94,-0.25,1.75,2.05,1.8,2.09,1.85,2.1,1.8,2.04,2,3.75,3.8,2,3.5,3.5,1.9,3.35,3.5,1.98,3.77,3.81,1.95,3.6,3.7,2,3.6,3.75,2.05,3.77,3.9,1.97,3.55,3.64,1.8,2,1.86,2.02,1.89,2.04,1.83,1.96,-0.5,1.95,1.9,1.98,1.93,2.01,1.94,1.96,1.87
Main,England,League 2,2019/2020,17/09/2019,19:45,Stevenage,Northampton,0,1,A,0,0,D,C Breakspear,19,5,4,3,13,12,14,2,3,4,0,1,2.9,3.3,2.62,2.7,3.25,2.55,2.65,3.05,2.45,2.93,3.19,2.63,2.8,3.25,2.5,2.88,3.3,2.55,2.95,3.42,2.63,2.82,3.18,2.52,2.05,1.75,2.05,1.81,2.11,1.83,2.03,1.77,0,2.05,1.8,2.05,1.83,2.08,1.87,2.04,1.81,3,3.3,2.55,2.7,3.25,2.55,2.75,3.05,2.35,3.04,3.22,2.53,2.9,3.25,2.45,2.9,3.3,2.5,3.04,3.42,2.55,2.91,3.18,2.46,2.05,1.75,2.09,1.8,2.1,1.84,2.03,1.77,0.25,1.72,2.07,1.76,2.15,1.8,2.2,1.75,2.11
Main,England,League 2,2019/2020,17/09/2019,19:45,Swindon,Colchester,0,3,A,0,1,A,A Woolmer,9,8,1,5,11,11,4,6,2,1,0,0,1.8,3.8,4.75,1.75,3.6,4.6,1.73,3.4,4.15,1.84,3.66,4.58,1.8,3.5,4.5,1.8,3.7,4.5,1.87,3.8,4.8,1.8,3.56,4.39,1.95,1.85,2.01,1.85,2.02,1.92,1.94,1.85,-0.5,1.8,2.05,1.83,2.05,1.85,2.11,1.8,2.04,1.66,4.1,5.5,1.67,3.8,4.75,1.6,3.6,4.9,1.71,3.89,5.07,1.7,3.7,5,1.73,3.9,4.75,1.76,4.1,5.8,1.68,3.75,4.93,1.95,1.85,2.02,1.86,2.02,1.92,1.94,1.85,-0.75,1.93,1.93,1.96,1.94,2,2,1.91,1.93
Main,England,League 2,2019/2020,21/09/2019,15:00,Bradford,Carlisle,3,1,H,2,1,H,J Busby,18,12,7,5,11,12,7,2,2,2,1,1,1.85,3.75,4.5,1.8,3.7,4.1,1.75,3.45,4.05,1.81,3.7,4.66,1.78,3.6,4.5,1.85,3.75,4.2,1.9,3.8,4.66,1.8,3.62,4.28,1.8,2,1.85,1.98,1.9,2.03,1.83,1.95,-0.5,1.83,2.02,1.79,2.06,1.87,2.08,1.8,2.04,1.7,4,5.25,1.75,3.7,4.4,1.67,3.6,4.35,1.7,4.08,4.83,1.7,3.9,4.6,1.75,4,4.33,1.8,4.12,5.25,1.72,3.8,4.58,1.8,2,1.8,2.09,1.87,2.09,1.8,1.99,-0.75,2,1.85,1.93,1.96,2.03,1.98,1.93,1.9
Main,England,League 2,2019/2020,21/09/2019,15:00,Cambridge,Swindon,0,1,A,0,1,A,P Wright,7,8,4,3,10,16,5,6,1,3,0,0,3.4,3.5,2.25,3.25,3.5,2.1,3.15,3.15,2.1,3.52,3.34,2.22,3.4,3.4,2.1,3.3,3.5,2.2,3.52,3.55,2.25,3.32,3.34,2.16,2,1.8,2.02,1.81,2.06,1.89,1.99,1.8,0.25,1.98,1.88,1.97,1.88,2.01,1.92,1.96,1.87,3.6,3.5,2.15,3.25,3.5,2.1,3.25,3.25,2.05,3.64,3.51,2.1,3.5,3.5,2.05,3.6,3.5,2.1,3.65,3.64,2.2,3.47,3.4,2.08,1.95,1.85,1.96,1.93,2.01,1.93,1.93,1.86,0.25,2.05,1.8,2.09,1.81,2.11,1.85,2.04,1.79
Main,England,League 2,2019/2020,21/09/2019,15:00,Colchester,Leyton Orient,2,1,H,2,1,H,T Nield,10,14,7,2,14,13,4,2,1,2,0,0,1.9,3.75,4.33,1.83,3.6,4.1,1.8,3.3,4,1.85,3.78,4.36,1.83,3.6,4.2,1.87,3.7,4.2,1.91,3.78,4.4,1.85,3.57,4.15,2,1.8,1.99,1.83,2.1,1.86,2.01,1.79,-0.5,1.88,1.98,1.82,2.03,1.92,2.03,1.84,1.99,1.85,3.75,4.5,1.83,3.6,4.1,1.75,3.35,4.25,1.88,3.62,4.39,1.8,3.6,4.4,1.8,3.7,4.6,1.92,3.75,4.65,1.82,3.54,4.3,2.1,1.7,2.17,1.74,2.21,1.77,2.1,1.72,-0.5,1.83,2.02,1.88,2.02,1.9,2.09,1.82,2.02
Main,England,League 2,2019/2020,21/09/2019,15:00,Crewe,Salford,4,1,H,0,1,A,W Finnie,17,12,7,4,7,9,8,3,0,1,0,0,1.85,4.2,4,1.85,3.75,3.8,1.77,3.55,3.75,1.89,3.99,3.91,1.83,3.8,4,1.87,3.9,3.9,1.91,4.2,4.1,1.84,3.8,3.87,1.75,2.05,1.73,2.12,1.8,2.16,1.74,2.07,-0.5,1.85,2,1.87,1.98,1.9,2.05,1.84,1.99,1.8,4.2,4.5,1.78,3.8,4.1,1.7,3.7,4,1.86,4.04,3.98,1.78,4,4,1.8,4.2,4,1.86,4.2,4.5,1.78,3.89,4.07,1.61,2.25,1.66,2.31,1.69,2.33,1.64,2.23,-0.75,2.02,1.83,2.13,1.78,2.13,1.88,2.01,1.82
Main,England,League 2,2019/2020,21/09/2019,15:00,Forest Green,Stevenage,0,0,D,0,0,D,D Drysdale,7,16,2,6,9,18,6,4,2,3,1,0,2.05,3.5,4,1.95,3.4,3.75,1.93,3.1,3.7,2.01,3.64,3.81,1.95,3.5,3.8,2,3.5,3.8,2.05,3.64,4,1.98,3.41,3.76,2.15,1.66,2.14,1.71,2.27,1.74,2.17,1.66,-0.5,2,1.85,1.99,1.86,2.05,1.89,1.99,1.84,2.1,3.5,3.8,2.05,3.3,3.6,2,3.1,3.4,2.12,3.37,3.76,2.05,3.4,3.6,2.1,3.5,3.5,2.13,3.54,3.84,2.07,3.31,3.57,2.15,1.66,2.16,1.74,2.22,1.75,2.13,1.69,-0.25,1.8,2.05,1.81,2.09,1.86,2.12,1.79,2.05
Main,England,League 2,2019/2020,21/09/2019,15:00,Grimsby,Macclesfield,1,0,H,0,0,D,D Webb,12,8,3,1,9,16,5,7,0,0,0,0,1.9,3.75,4.33,1.87,3.4,4.1,1.83,3.35,3.8,1.96,3.62,4.04,1.91,3.6,3.9,1.91,3.75,3.9,2.01,3.75,4.33,1.9,3.51,3.94,1.9,1.9,1.93,1.9,1.97,2,1.9,1.89,-0.5,1.9,1.95,1.93,1.92,1.95,2,1.9,1.93,1.85,3.75,4.5,1.87,3.4,4.1,1.8,3.25,4,1.89,3.68,4.26,1.85,3.5,4.2,1.91,3.4,4.4,1.95,3.75,4.55,1.87,3.48,4.15,2.1,1.7,2.17,1.74,2.21,1.78,2.1,1.72,-0.5,1.85,2,1.89,2,1.95,2.05,1.86,1.98
Main,England,League 2,2019/2020,21/09/2019,15:00,Newport County,Exeter,1,1,D,0,1,A,N Hair,15,6,3,2,10,17,8,7,1,3,0,0,2.62,3.2,3,2.45,3.25,2.8,2.4,2.95,2.75,2.52,3.43,2.89,2.5,3.3,2.8,2.6,3.3,2.8,2.65,3.43,3,2.52,3.2,2.81,2.25,1.61,2.22,1.67,2.38,1.69,2.24,1.62,-0.25,2.2,1.7,2.14,1.73,2.24,1.75,2.16,1.71,2.87,3.2,2.75,2.6,3.3,2.6,2.55,3.05,2.55,2.79,3.35,2.64,2.7,3.25,2.6,2.75,3.3,2.63,2.87,3.4,2.75,2.69,3.23,2.61,2.15,1.66,2.18,1.73,2.22,1.75,2.12,1.7,0,1.98,1.88,2.01,1.89,2.02,1.94,1.96,1.89
Main,England,League 2,2019/2020,21/09/2019,15:00,Northampton,Crawley Town,2,2,D,1,0,H,A Haines,14,17,6,4,7,9,3,4,1,1,0,0,2.1,3.5,3.75,2,3.5,3.5,1.97,3.25,3.3,2.06,3.56,3.74,2,3.6,3.5,2.1,3.6,3.4,2.11,3.74,3.75,2.05,3.45,3.5,1.85,1.95,1.88,1.95,1.96,1.99,1.87,1.92,-0.5,2.05,1.8,2.03,1.82,2.12,1.83,2.04,1.79,2,3.75,3.8,2,3.5,3.5,1.9,3.35,3.55,2.01,3.67,3.8,1.95,3.6,3.7,2,3.75,3.6,2.05,3.78,3.82,1.99,3.52,3.61,1.85,1.95,1.85,2.03,1.91,2.03,1.85,1.95,-0.5,2,1.85,2.01,1.89,2.04,1.9,1.99,1.84
Main,England,League 2,2019/2020,21/09/2019,15:00,Oldham,Morecambe,3,1,H,1,0,H,L Doughty,15,9,7,2,12,11,4,3,0,0,0,0,1.95,3.75,4,1.9,3.5,3.9,1.85,3.3,3.8,1.95,3.75,3.95,1.88,3.6,4,1.95,3.7,3.8,1.97,3.75,4.1,1.92,3.53,3.85,1.85,1.95,2.01,1.82,2.05,1.95,1.98,1.82,-0.5,1.95,1.9,1.93,1.93,1.97,1.97,1.92,1.91,1.9,3.75,4.33,1.9,3.6,3.8,1.8,3.45,3.75,1.85,3.91,4.15,1.83,3.75,4,1.9,3.75,4,1.91,3.92,4.33,1.86,3.67,3.96,1.8,2,1.83,2.06,1.87,2.07,1.81,1.99,-0.5,1.88,1.98,1.85,2.04,1.92,2.04,1.85,1.99
Main,England,League 2,2019/2020,21/09/2019,15:00,Plymouth,Cheltenham,0,2,A,0,1,A,S Oldham,22,8,7,2,3,17,5,4,0,3,0,0,1.95,3.6,4.2,1.91,3.5,3.8,1.87,3.4,3.5,1.99,3.65,3.9,1.95,3.6,3.75,2,3.75,3.6,2.03,3.75,4.2,1.95,3.55,3.71,1.8,2,1.76,2.07,1.84,2.12,1.77,2.03,-0.5,1.95,1.9,1.96,1.88,2.01,1.95,1.95,1.88,1.85,3.8,4.5,1.85,3.6,4,1.77,3.5,3.9,1.85,3.68,4.47,1.8,3.6,4.33,1.87,3.8,4,1.9,3.8,4.7,1.84,3.6,4.16,1.75,2.05,1.77,2.13,1.8,2.16,1.74,2.06,-0.5,1.85,2,1.85,2.05,1.9,2.06,1.83,2.01
Main,England,League 2,2019/2020,21/09/2019,15:00,Port Vale,Mansfield,2,2,D,1,1,D,J Smith,6,13,3,6,19,15,4,5,4,3,0,0,2.6,3.5,2.8,2.6,3.2,2.7,2.5,3.05,2.6,2.63,3.44,2.75,2.55,3.4,2.7,2.55,3.5,2.7,2.69,3.5,2.8,2.56,3.29,2.71,2.07,1.72,2.05,1.78,2.15,1.83,2.06,1.74,0,1.85,2,1.88,1.97,1.93,2.05,1.86,1.98,2.6,3.4,2.87,2.4,3.2,2.9,2.3,3.05,2.85,2.67,3.23,2.85,2.5,3.4,2.75,2.5,3.5,2.8,2.67,3.5,3,2.49,3.26,2.81,2.05,1.75,2.22,1.7,2.22,1.82,2.04,1.76,0,1.83,2.02,1.88,2.01,1.89,2.1,1.83,2.03
Main,England,League 2,2019/2020,21/09/2019,15:00,Walsall,Scunthorpe,1,0,H,0,0,D,M Edwards,10,8,3,2,7,10,7,7,2,1,0,0,2.25,3.5,3.4,2.15,3.4,3.2,2.15,3.15,3.05,2.23,3.52,3.31,2.2,3.4,3.2,2.25,3.5,3.2,2.27,3.55,3.4,2.2,3.38,3.21,2,1.8,1.97,1.85,2.04,1.89,1.98,1.81,-0.25,1.95,1.9,1.91,1.94,2.02,1.99,1.91,1.92,2.4,3.4,3.1,2.3,3.3,3,2.25,3.05,2.9,2.42,3.37,3.09,2.35,3.3,3,2.4,3.4,3,2.45,3.44,3.14,2.35,3.28,3,2.1,1.7,2.14,1.76,2.16,1.8,2.06,1.74,-0.25,2.05,1.8,2.08,1.83,2.12,1.86,2.04,1.81
Main,England,League 2,2019/2020,28/09/2019,15:00,Carlisle,Oldham,1,0,H,1,0,H,M Edwards,14,12,6,1,8,14,3,5,0,1,0,0,2.4,3.4,3.2,2.3,3.4,2.95,2.2,3.25,2.9,2.37,3.52,3.03,2.3,3.4,3,2.38,3.5,3,2.4,3.62,3.2,2.3,3.39,2.99,1.8,2,1.82,2.01,1.9,2.03,1.83,1.96,-0.25,2,1.85,2.03,1.82,2.05,1.91,2,1.83,2.5,3.5,2.9,2.5,3.5,2.6,2.4,3.2,2.6,2.57,3.44,2.82,2.45,3.5,2.75,2.55,3.5,2.7,2.6,3.62,2.9,2.49,3.38,2.73,1.8,2,1.86,2.02,1.88,2.04,1.83,1.96,0,1.88,1.98,1.86,2.04,1.92,2.08,1.83,2.01
Main,England,League 2,2019/2020,28/09/2019,15:00,Cheltenham,Crewe,1,1,D,1,1,D,L Swabey,14,9,5,2,12,7,5,4,3,3,0,1,3.1,3.5,2.37,3,3.3,2.3,2.95,3.2,2.2,3.18,3.41,2.34,3.1,3.4,2.25,3.1,3.5,2.3,3.18,3.6,2.38,3.06,3.34,2.28,1.85,1.95,1.9,1.93,1.96,1.97,1.89,1.89,0.25,1.85,2,1.85,1.99,1.91,2.03,1.85,1.97,3.1,3.5,2.37,3,3.3,2.3,2.85,3.2,2.25,3.01,3.45,2.42,3,3.5,2.3,3,3.5,2.38,3.1,3.65,2.42,2.96,3.36,2.33,1.85,1.95,1.85,2.02,1.9,2.05,1.83,1.96,0.25,1.85,2,1.81,2.09,1.87,2.09,1.81,2.02
Main,England,League 2,2019/2020,28/09/2019,15:00,Crawley Town,Walsall,2,3,A,1,3,A,S Purkiss,23,6,6,4,11,15,8,2,1,2,0,0,2.4,3.5,3.1,2.3,3.4,2.95,2.2,3.15,2.95,2.28,3.46,3.26,2.25,3.4,3.1,2.38,3.5,3,2.4,3.52,3.26,2.28,3.33,3.08,2,1.8,2.02,1.81,2.07,1.86,2,1.8,-0.25,2,1.85,1.94,1.9,2.05,1.94,1.98,1.85,2.5,3.5,2.9,2.3,3.4,2.95,2.3,3.15,2.8,2.52,3.24,3.04,2.38,3.4,2.9,2.45,3.5,2.88,2.52,3.5,3.1,2.39,3.25,2.94,2.07,1.72,2.15,1.75,2.15,1.85,2.02,1.78,-0.25,2.1,1.77,2.15,1.77,2.15,1.84,2.08,1.78
Main,England,League 2,2019/2020,28/09/2019,15:00,Exeter,Grimsby,1,3,A,0,1,A,B Huxtable,22,7,5,3,16,13,8,1,4,4,0,0,1.85,3.75,4.5,1.75,3.7,4.1,1.73,3.35,4.25,1.82,4.09,4.13,1.78,3.9,4.2,1.8,3.75,4.5,1.88,4.09,4.75,1.79,3.69,4.27,2.05,1.75,2.01,1.82,2.15,1.84,2.05,1.76,-0.5,1.8,2.05,1.79,2.05,1.83,2.11,1.79,2.05,1.72,4,5,1.75,3.7,4.1,1.73,3.4,4.25,1.69,4.08,4.96,1.7,3.9,4.6,1.7,3.9,5,1.78,4.1,5,1.71,3.8,4.66,2.05,1.75,2.1,1.79,2.12,1.85,2.03,1.77,-0.75,1.9,1.95,1.93,1.98,1.98,1.99,1.91,1.92
Main,England,League 2,2019/2020,28/09/2019,15:00,Leyton Orient,Port Vale,3,3,D,1,2,A,S Oldham,13,16,6,8,12,8,4,7,3,2,0,0,2.8,3.5,2.62,2.55,3.5,2.55,2.6,3.15,2.45,2.74,3.46,2.63,2.7,3.4,2.55,2.75,3.5,2.55,2.8,3.52,2.67,2.68,3.34,2.55,1.95,1.85,1.99,1.84,2.03,1.92,1.95,1.84,0,2,1.85,1.96,1.88,2.05,1.93,1.98,1.86,2.75,3.4,2.75,2.55,3.5,2.55,2.5,3.15,2.55,2.71,3.38,2.71,2.6,3.4,2.62,2.7,3.4,2.63,2.75,3.5,2.75,2.64,3.32,2.61,2.07,1.72,2.16,1.74,2.16,1.89,2.01,1.79,0,1.95,1.9,1.95,1.95,2,1.96,1.94,1.91
Main,England,League 2,2019/2020,28/09/2019,15:00,Macclesfield,Colchester,1,1,D,1,1,D,C Pollard,9,9,5,3,14,8,4,2,1,1,0,0,3.25,3.5,2.3,3,3.3,2.3,3,3.05,2.2,3.22,3.32,2.36,3.1,3.4,2.25,3.1,3.5,2.3,3.28,3.5,2.38,3.12,3.24,2.3,2.15,1.66,2.25,1.65,2.27,1.74,2.15,1.67,0.25,1.85,2,1.84,2,1.89,2.06,1.84,1.99,3.25,3.4,2.37,3.1,3.2,2.3,3.25,3.05,2.1,3.3,3.24,2.37,3.2,3.25,2.25,3.1,3.4,2.3,3.4,3.4,2.37,3.21,3.18,2.28,2.35,1.57,2.42,1.6,2.42,1.7,2.24,1.63,0.25,1.85,2,1.88,2.02,1.91,2.05,1.85,1.97
Main,England,League 2,2019/2020,28/09/2019,15:00,Mansfield,Plymouth,0,1,A,0,1,A,A Backhouse,13,12,2,4,18,14,9,2,1,6,0,0,2.3,3.6,3.2,2.15,3.4,3.2,2.15,3.25,2.95,2.27,3.57,3.17,2.2,3.5,3.1,2.3,3.6,3,2.3,3.62,3.26,2.23,3.45,3.08,1.85,1.95,1.91,1.93,1.94,2.02,1.87,1.92,-0.25,2,1.85,1.95,1.89,2.03,1.95,1.95,1.88,2.3,3.6,3.2,2.35,3.4,2.85,2.25,3.25,2.8,2.37,3.57,3.01,2.35,3.5,2.9,2.38,3.6,2.9,2.41,3.64,3.2,2.31,3.45,2.93,1.85,1.95,1.86,2.02,1.91,2.02,1.85,1.95,-0.25,2.02,1.83,2.05,1.85,2.07,1.88,2.01,1.82
Main,England,League 2,2019/2020,28/09/2019,15:00,Morecambe,Northampton,2,2,D,0,2,A,M Coy,21,17,5,2,8,10,5,7,2,3,0,0,3.4,3.6,2.2,3.1,3.4,2.2,3.15,3.2,2.05,3.32,3.64,2.18,3.3,3.5,2.15,3.3,3.6,2.15,3.42,3.64,2.21,3.26,3.44,2.14,1.95,1.85,1.92,1.91,2.03,1.94,1.93,1.86,0.25,1.98,1.88,1.97,1.87,2.02,1.93,1.97,1.86,3.4,3.6,2.2,3.3,3.4,2.1,3.2,3.15,2.05,3.56,3.4,2.17,3.4,3.4,2.1,3.4,3.6,2.1,3.6,3.6,2.2,3.39,3.36,2.12,2.05,1.75,2.11,1.78,2.11,1.83,2.03,1.77,0.25,2,1.85,2.03,1.87,2.06,1.87,2,1.83
Main,England,League 2,2019/2020,28/09/2019,15:00,Salford,Forest Green,0,4,A,0,3,A,J Oldham,14,9,5,5,21,12,4,5,3,1,0,0,2.2,3.6,3.4,2.1,3.5,3.25,2.05,3.25,3.25,2.16,3.6,3.4,2.1,3.4,3.4,2.1,3.6,3.4,2.2,3.6,3.52,2.11,3.43,3.33,1.95,1.85,2,1.83,2.05,1.89,1.96,1.83,-0.25,1.85,2,1.85,2,1.9,2.05,1.84,1.99,2.2,3.6,3.4,2.2,3.5,3,2.1,3.15,3.2,2.33,3.4,3.21,2.2,3.4,3.2,2.3,3.5,3.1,2.33,3.6,3.4,2.24,3.32,3.16,1.95,1.85,2.15,1.75,2.2,1.85,2.09,1.73,-0.25,1.85,2,2.01,1.89,2.05,2,1.95,1.89
Main,England,League 2,2019/2020,28/09/2019,15:00,Scunthorpe,Bradford,1,1,D,1,0,H,R Lewis,4,17,2,5,18,17,0,9,2,3,1,0,2.75,3.4,2.7,2.65,3.4,2.5,2.5,3.2,2.5,2.67,3.48,2.68,2.6,3.4,2.6,2.7,3.4,2.63,2.75,3.54,2.71,2.62,3.35,2.6,1.95,1.85,1.95,1.88,1.98,1.95,1.91,1.88,0,1.93,1.93,1.93,1.93,1.98,1.96,1.92,1.92,2.87,3.5,2.55,2.65,3.4,2.5,2.6,3.2,2.45,2.75,3.47,2.62,2.7,3.4,2.55,2.7,3.5,2.55,2.87,3.54,2.64,2.7,3.36,2.53,1.95,1.85,1.96,1.93,1.98,1.96,1.91,1.88,0,1.98,1.88,2,1.9,2.03,1.93,1.97,1.87
Main,England,League 2,2019/2020,28/09/2019,15:00,Stevenage,Cambridge,1,1,D,1,0,H,W Finnie,20,23,4,6,12,13,5,10,2,2,0,0,2.6,3.5,2.8,2.5,3.4,2.65,2.5,3.1,2.6,2.61,3.55,2.7,2.55,3.4,2.7,2.55,3.5,2.7,2.68,3.55,2.8,2.56,3.33,2.68,2.05,1.75,2.04,1.79,2.11,1.83,2.04,1.76,0,1.9,1.95,1.88,1.96,1.93,2,1.88,1.96,2.5,3.4,3,2.35,3.4,2.85,2.3,3,2.9,2.41,3.3,3.15,2.35,3.2,3.1,2.38,3.3,3.1,2.5,3.4,3.16,2.38,3.22,3,2.25,1.61,2.33,1.65,2.38,1.68,2.23,1.64,-0.25,2.02,1.83,2.07,1.83,2.1,1.85,2.04,1.8
Main,England,League 2,2019/2020,28/09/2019,15:00,Swindon,Newport County,0,2,A,0,1,A,D Rock,7,11,4,4,13,15,3,9,0,1,0,0,1.9,3.75,4.33,1.95,3.4,3.75,1.83,3.4,3.75,1.92,3.71,4.12,1.85,3.6,4.2,1.91,3.75,3.9,1.95,3.75,4.33,1.9,3.55,3.91,1.85,1.95,1.91,1.93,1.95,1.97,1.88,1.9,-0.5,1.9,1.95,1.89,1.95,1.95,1.99,1.89,1.93,1.9,3.75,4.33,1.95,3.4,3.75,1.8,3.35,3.8,1.96,3.61,4.04,1.88,3.6,4,1.9,3.75,3.9,1.98,3.75,4.33,1.91,3.51,3.91,1.85,1.95,1.95,1.93,2,1.95,1.91,1.88,-0.5,1.9,1.95,1.96,1.93,1.97,1.99,1.91,1.92
Main,England,League 2,2019/2020,05/10/2019,15:00,Bradford,Swindon,2,1,H,0,0,D,T Nield,15,6,4,1,13,23,5,2,1,3,0,0,2.55,3.5,2.9,2.4,3.4,2.8,2.4,3.15,2.65,2.65,3.33,2.8,2.5,3.4,2.7,2.55,3.5,2.7,2.65,3.6,2.9,2.51,3.33,2.74,1.85,1.95,1.87,1.96,1.94,2.02,1.85,1.94,0,1.88,1.98,1.87,1.98,1.91,2.07,1.85,1.99,2.45,3.5,3,2.4,3.4,2.8,2.25,3.15,2.85,2.41,3.49,3.01,2.3,3.4,3,2.38,3.5,3,2.55,3.62,3.25,2.35,3.34,2.97,1.9,1.9,1.91,1.97,1.96,1.98,1.87,1.92,-0.25,2.05,1.8,2.08,1.82,2.16,1.91,2.02,1.81
Main,England,League 2,2019/2020,05/10/2019,15:00,Cambridge,Macclesfield,2,2,D,1,0,H,J Smith,17,11,4,3,12,20,5,4,1,3,0,0,2,3.5,4.2,2,3.3,3.75,1.95,3.15,3.6,2.05,3.55,3.79,2,3.4,3.75,2.05,3.5,3.7,2.07,3.56,4.2,2,3.36,3.75,2.1,1.7,2.09,1.75,2.23,1.78,2.1,1.72,-0.5,2.02,1.83,2.02,1.83,2.08,1.88,2,1.83,1.9,3.75,4.33,2,3.3,3.75,1.85,3.25,3.85,1.93,3.68,4.08,1.91,3.6,3.9,1.91,3.7,4,2,3.75,4.33,1.93,3.47,3.91,2.05,1.75,2.09,1.8,2.16,1.82,2.05,1.75,-0.5,1.9,1.95,1.93,1.96,1.97,1.99,1.91,1.91
Main,England,League 2,2019/2020,05/10/2019,15:00,Colchester,Stevenage,3,1,H,0,1,A,N Kinseley,21,8,5,2,11,11,6,1,2,2,0,0,1.9,3.75,4.33,1.87,3.5,4,1.77,3.25,4.15,1.88,3.65,4.39,1.83,3.5,4.33,1.87,3.7,4.2,1.91,3.75,4.5,1.85,3.48,4.24,2.15,1.66,2.13,1.72,2.23,1.76,2.12,1.7,-0.75,2.15,1.73,2.14,1.73,2.21,1.8,2.13,1.73,1.9,3.6,4.5,1.87,3.5,4,1.8,3.15,4.15,1.93,3.45,4.48,1.88,3.4,4.33,1.9,3.5,4.3,1.93,3.6,4.55,1.87,3.37,4.31,2.35,1.57,2.44,1.6,2.46,1.69,2.32,1.59,-0.5,1.9,1.95,1.93,1.98,1.94,2.02,1.86,1.95
Main,England,League 2,2019/2020,05/10/2019,15:00,Crewe,Exeter,1,1,D,0,1,A,B Toner,8,17,4,5,6,9,4,10,3,1,0,0,2.3,3.5,3.25,2.2,3.4,3.1,2.2,3.25,2.8,2.36,3.57,3.02,2.3,3.6,2.9,2.38,3.6,2.9,2.38,3.7,3.25,2.29,3.47,2.95,1.75,2.05,1.76,2.07,1.81,2.12,1.75,2.03,-0.25,2.02,1.83,2.02,1.83,2.08,1.9,2,1.82,2.5,3.4,3,2.3,3.4,2.95,2.35,3.2,2.65,2.53,3.32,2.96,2.4,3.5,2.8,2.5,3.4,2.88,2.53,3.6,3,2.43,3.33,2.84,1.85,1.95,1.91,1.97,1.91,2.04,1.83,1.96,-0.25,2.1,1.7,2.17,1.76,2.23,1.82,2.12,1.74
Main,England,League 2,2019/2020,05/10/2019,15:00,Forest Green,Crawley Town,3,1,H,1,0,H,P Wright,18,11,8,2,10,23,4,7,1,3,0,0,2.5,3.6,2.9,2.35,3.4,2.85,2.3,3.2,2.75,2.39,3.58,2.97,2.35,3.4,2.9,2.38,3.6,2.88,2.5,3.6,3.02,2.38,3.4,2.85,1.95,1.85,1.91,1.92,1.98,1.96,1.9,1.89,-0.25,2.05,1.8,2.04,1.8,2.13,1.85,2.07,1.78,2.62,3.5,2.8,2.35,3.4,2.85,2.4,3.15,2.7,2.52,3.45,2.88,2.5,3.4,2.75,2.45,3.6,2.8,2.62,3.6,2.9,2.46,3.34,2.79,2,1.8,2.05,1.83,2.05,1.91,1.96,1.84,-0.25,2.07,1.72,2.17,1.76,2.21,1.79,2.13,1.73
Main,England,League 2,2019/2020,05/10/2019,15:00,Grimsby,Mansfield,0,1,A,0,0,D,P Marsden,8,9,2,3,22,13,7,2,3,1,0,1,2.75,3.4,2.75,2.8,3.2,2.5,2.5,3.05,2.6,2.71,3.23,2.81,2.6,3.25,2.7,2.63,3.4,2.7,2.8,3.4,2.81,2.64,3.19,2.68,2.1,1.7,2.13,1.72,2.19,1.78,2.09,1.72,0,1.88,1.98,1.88,1.96,1.94,2.01,1.89,1.95,2.62,3.4,2.87,2.6,3.2,2.65,2.45,3.05,2.7,2.67,3.24,2.85,2.55,3.25,2.75,2.6,3.4,2.75,2.67,3.4,2.88,2.56,3.2,2.77,2.1,1.7,2.14,1.76,2.2,1.76,2.11,1.7,0,1.88,1.98,1.88,2.01,1.91,2.04,1.85,1.99
Main,England,League 2,2019/2020,05/10/2019,15:00,Newport County,Carlisle,1,0,H,0,0,D,A Coggins,7,12,1,3,13,8,5,2,2,1,0,0,1.8,4,4.5,1.7,3.9,4.4,1.7,3.45,4.3,1.75,4.02,4.58,1.75,3.8,4.4,1.8,3.9,4.4,1.82,4.02,4.8,1.75,3.77,4.43,1.95,1.85,1.93,1.91,2,1.93,1.93,1.86,-0.75,1.97,1.82,1.98,1.86,2.05,1.89,1.97,1.84,1.8,3.8,4.75,1.7,3.9,4.4,1.67,3.5,4.45,1.74,3.91,4.85,1.73,3.75,4.6,1.75,3.8,4.75,1.8,3.98,5,1.73,3.73,4.6,2,1.8,2,1.88,2.06,1.91,1.97,1.82,-0.75,1.98,1.88,1.99,1.91,2.02,1.95,1.96,1.87
Main,England,League 2,2019/2020,05/10/2019,15:00,Northampton,Leyton Orient,0,1,A,0,0,D,T Harrington,9,10,3,3,17,18,2,6,1,3,0,0,2.05,3.5,3.9,2,3.5,3.5,1.9,3.35,3.5,1.99,3.76,3.78,1.91,3.7,3.7,2,3.7,3.6,2.05,3.84,3.9,1.96,3.6,3.62,1.8,2,1.77,2.07,1.87,2.1,1.78,2.01,-0.5,2,1.8,1.96,1.88,2,1.91,1.95,1.86,2.05,3.75,3.75,1.95,3.5,3.7,1.85,3.4,3.6,2.06,3.65,3.65,2,3.6,3.5,2.05,3.8,3.4,2.08,3.8,3.8,1.99,3.58,3.55,1.8,2,1.8,2.08,1.83,2.13,1.77,2.03,-0.25,1.77,2.02,1.78,2.13,1.82,2.27,1.75,2.1
Main,England,League 2,2019/2020,05/10/2019,15:00,Oldham,Cheltenham,1,1,D,1,0,H,A Young,14,12,5,3,14,10,4,8,3,4,0,0,2.6,3.4,2.9,2.35,3.3,2.9,2.35,3.1,2.7,2.5,3.42,2.93,2.45,3.4,2.8,2.55,3.4,2.8,2.6,3.5,2.93,2.45,3.31,2.82,2,1.8,2,1.83,2.05,1.9,1.98,1.81,0,1.83,2.02,1.77,2.08,1.88,2.11,1.8,2.04,2.6,3.4,2.9,2.35,3.3,2.9,2.35,3.1,2.7,2.48,3.38,2.99,2.4,3.4,2.88,2.45,3.4,2.9,2.6,3.5,2.99,2.43,3.29,2.86,2,1.8,2.02,1.86,2.05,1.87,1.98,1.82,-0.25,2.05,1.75,2.13,1.79,2.2,1.82,2.11,1.75
Main,England,League 2,2019/2020,05/10/2019,15:00,Plymouth,Scunthorpe,2,2,D,1,1,D,A Woolmer,13,10,5,2,6,16,2,5,0,0,0,0,1.85,3.6,4.75,1.87,3.5,4,1.8,3.5,3.7,1.88,3.65,4.37,1.83,3.6,4.33,1.91,3.75,3.9,1.91,3.75,4.75,1.86,3.59,4.06,1.66,2.15,1.68,2.2,1.72,2.27,1.66,2.18,-0.5,1.88,1.98,1.85,1.99,1.91,2.04,1.85,1.97,1.9,3.7,4.33,1.87,3.5,4,1.83,3.5,3.55,1.91,3.67,4.21,1.88,3.6,4,1.95,3.75,3.8,1.95,3.75,4.4,1.89,3.59,3.92,1.65,2.2,1.67,2.28,1.7,2.31,1.65,2.21,-0.5,1.9,1.95,1.91,1.99,1.95,2.02,1.88,1.95
Main,England,League 2,2019/2020,05/10/2019,15:00,Port Vale,Morecambe,3,1,H,0,1,A,C Breakspear,21,7,9,1,15,10,9,3,1,3,0,1,1.66,4,5.75,1.7,3.7,4.75,1.63,3.5,4.75,1.69,4.05,4.97,1.65,3.9,5,1.67,4,5.2,1.73,4.05,5.75,1.67,3.82,4.95,1.95,1.85,1.96,1.87,2.02,1.9,1.95,1.84,-0.75,1.88,1.98,1.88,1.96,1.9,2.03,1.85,1.96,1.75,3.9,5,1.7,3.7,4.75,1.67,3.45,4.6,1.71,3.87,5.1,1.7,3.75,5,1.7,3.9,5,1.75,3.94,5.2,1.71,3.68,4.87,2.05,1.75,2.08,1.81,2.11,1.87,2.01,1.79,-0.75,1.93,1.93,1.94,1.96,1.96,1.97,1.91,1.92
Main,England,League 2,2019/2020,05/10/2019,15:00,Walsall,Salford,0,3,A,0,1,A,T Kettle,14,9,6,6,4,15,6,3,0,3,0,0,2.2,3.5,3.5,2.1,3.25,3.5,2.05,3.15,3.3,2.13,3.58,3.49,2.1,3.4,3.5,2.1,3.5,3.5,2.2,3.58,3.58,2.11,3.37,3.42,2,1.8,2.03,1.79,2.07,1.87,2,1.8,-0.25,1.83,2.02,1.82,2.02,1.86,2.07,1.82,2.01,2.1,3.75,3.5,2.1,3.25,3.5,1.97,3.2,3.45,2.28,3.41,3.29,2.2,3.4,3.2,2.25,3.6,3.13,2.35,3.75,3.7,2.15,3.36,3.32,2,1.8,2.08,1.8,2.1,1.85,2.02,1.78,-0.25,1.95,1.9,1.97,1.93,1.98,2.12,1.9,1.94
